id_municipio,municipio,ano,sexo,valor
Município (Código),Município,Ano,Sexo,
1100015,Alta Floresta D'Oeste - RO,2010,Total,89.3
1100023,Ariquemes - RO,2010,Total,92.8
1100031,Cabixi - RO,2010,Total,87.8
1100049,Cacoal - RO,2010,Total,92.5
1100056,Cerejeiras - RO,2010,Total,90.7
1100064,Colorado do Oeste - RO,2010,Total,88.8
1100072,Corumbiara - RO,2010,Total,88.8
1100080,Costa Marques - RO,2010,Total,92.5
1100098,Espigão D'Oeste - RO,2010,Total,89.7
1100106,Guajará-Mirim - RO,2010,Total,92.7
1100114,Jaru - RO,2010,Total,90.3
1100122,Ji-Paraná - RO,2010,Total,92.9
1100130,Machadinho D'Oeste - RO,2010,Total,89.4
1100148,Nova Brasilândia D'Oeste - RO,2010,Total,90.0
1100155,Ouro Preto do Oeste - RO,2010,Total,90.6
1100189,Pimenta Bueno - RO,2010,Total,92.5
1100205,Porto Velho - RO,2010,Total,95.2
1100254,Presidente Médici - RO,2010,Total,88.9
1100262,Rio Crespo - RO,2010,Total,88.3
1100288,Rolim de Moura - RO,2010,Total,91.8
1100296,Santa Luzia D'Oeste - RO,2010,Total,88.3
1100304,Vilhena - RO,2010,Total,94.5
1100320,São Miguel do Guaporé - RO,2010,Total,90.4
1100338,Nova Mamoré - RO,2010,Total,88.3
1100346,Alvorada D'Oeste - RO,2010,Total,88.3
1100379,Alto Alegre dos Parecis - RO,2010,Total,87.9
1100403,Alto Paraíso - RO,2010,Total,89.6
1100452,Buritis - RO,2010,Total,91.2
1100502,Novo Horizonte do Oeste - RO,2010,Total,87.2
1100601,Cacaulândia - RO,2010,Total,88.2
1100700,Campo Novo de Rondônia - RO,2010,Total,89.0
1100809,Candeias do Jamari - RO,2010,Total,90.1
1100908,Castanheiras - RO,2010,Total,87.4
1100924,Chupinguaia - RO,2010,Total,90.7
1100940,Cujubim - RO,2010,Total,89.2
1101005,Governador Jorge Teixeira - RO,2010,Total,88.2
1101104,Itapuã do Oeste - RO,2010,Total,88.7
1101203,Ministro Andreazza - RO,2010,Total,88.9
1101302,Mirante da Serra - RO,2010,Total,88.1
1101401,Monte Negro - RO,2010,Total,87.2
1101435,Nova União - RO,2010,Total,87.9
1101450,Parecis - RO,2010,Total,86.9
1101468,Pimenteiras do Oeste - RO,2010,Total,91.6
1101476,Primavera de Rondônia - RO,2010,Total,88.2
1101484,São Felipe D'Oeste - RO,2010,Total,86.8
1101492,São Francisco do Guaporé - RO,2010,Total,91.6
1101500,Seringueiras - RO,2010,Total,90.7
1101559,Teixeirópolis - RO,2010,Total,88.5
1101609,Theobroma - RO,2010,Total,86.5
1101708,Urupá - RO,2010,Total,87.2
1101757,Vale do Anari - RO,2010,Total,86.6
1101807,Vale do Paraíso - RO,2010,Total,88.5
1200013,Acrelândia - AC,2010,Total,86.2
1200054,Assis Brasil - AC,2010,Total,79.7
1200104,Brasiléia - AC,2010,Total,83.8
1200138,Bujari - AC,2010,Total,77.6
1200179,Capixaba - AC,2010,Total,81.0
1200203,Cruzeiro do Sul - AC,2010,Total,83.8
1200252,Epitaciolândia - AC,2010,Total,85.4
1200302,Feijó - AC,2010,Total,68.1
1200328,Jordão - AC,2010,Total,74.4
1200336,Mâncio Lima - AC,2010,Total,78.5
1200344,Manoel Urbano - AC,2010,Total,69.2
1200351,Marechal Thaumaturgo - AC,2010,Total,68.6
1200385,Plácido de Castro - AC,2010,Total,83.7
1200393,Porto Walter - AC,2010,Total,67.5
1200401,Rio Branco - AC,2010,Total,91.8
1200427,Rodrigues Alves - AC,2010,Total,72.1
1200435,Santa Rosa do Purus - AC,2010,Total,72.0
1200450,Senador Guiomard - AC,2010,Total,84.2
1200500,Sena Madureira - AC,2010,Total,77.2
1200609,Tarauacá - AC,2010,Total,71.8
1200708,Xapuri - AC,2010,Total,79.3
1200807,Porto Acre - AC,2010,Total,79.3
1300029,Alvarães - AM,2010,Total,80.7
1300060,Amaturá - AM,2010,Total,79.2
1300086,Anamã - AM,2010,Total,85.5
1300102,Anori - AM,2010,Total,81.1
1300144,Apuí - AM,2010,Total,90.3
1300201,Atalaia do Norte - AM,2010,Total,64.5
1300300,Autazes - AM,2010,Total,84.9
1300409,Barcelos - AM,2010,Total,67.0
1300508,Barreirinha - AM,2010,Total,89.9
1300607,Benjamin Constant - AM,2010,Total,79.8
1300631,Beruri - AM,2010,Total,75.8
1300680,Boa Vista do Ramos - AM,2010,Total,92.0
1300706,Boca do Acre - AM,2010,Total,76.0
1300805,Borba - AM,2010,Total,84.6
1300839,Caapiranga - AM,2010,Total,85.9
1300904,Canutama - AM,2010,Total,72.1
1301001,Carauari - AM,2010,Total,75.3
1301100,Careiro - AM,2010,Total,87.3
1301159,Careiro da Várzea - AM,2010,Total,85.0
1301209,Coari - AM,2010,Total,83.7
1301308,Codajás - AM,2010,Total,82.5
1301407,Eirunepé - AM,2010,Total,68.8
1301506,Envira - AM,2010,Total,69.0
1301605,Fonte Boa - AM,2010,Total,76.4
1301654,Guajará - AM,2010,Total,72.0
1301704,Humaitá - AM,2010,Total,84.3
1301803,Ipixuna - AM,2010,Total,64.1
1301852,Iranduba - AM,2010,Total,87.4
1301902,Itacoatiara - AM,2010,Total,91.1
1301951,Itamarati - AM,2010,Total,64.0
1302009,Itapiranga - AM,2010,Total,92.1
1302108,Japurá - AM,2010,Total,72.3
1302207,Juruá - AM,2010,Total,67.6
1302306,Jutaí - AM,2010,Total,72.1
1302405,Lábrea - AM,2010,Total,74.0
1302504,Manacapuru - AM,2010,Total,85.9
1302553,Manaquiri - AM,2010,Total,90.0
1302603,Manaus - AM,2010,Total,96.2
1302702,Manicoré - AM,2010,Total,84.5
1302801,Maraã - AM,2010,Total,82.9
1302900,Maués - AM,2010,Total,90.0
1303007,Nhamundá - AM,2010,Total,92.0
1303106,Nova Olinda do Norte - AM,2010,Total,87.8
1303205,Novo Airão - AM,2010,Total,85.3
1303304,Novo Aripuanã - AM,2010,Total,81.2
1303403,Parintins - AM,2010,Total,94.3
1303502,Pauini - AM,2010,Total,71.4
1303536,Presidente Figueiredo - AM,2010,Total,93.1
1303569,Rio Preto da Eva - AM,2010,Total,89.5
1303601,Santa Isabel do Rio Negro - AM,2010,Total,66.5
1303700,Santo Antônio do Içá - AM,2010,Total,79.3
1303809,São Gabriel da Cachoeira - AM,2010,Total,86.8
1303908,São Paulo de Olivença - AM,2010,Total,78.4
1303957,São Sebastião do Uatumã - AM,2010,Total,90.4
1304005,Silves - AM,2010,Total,92.5
1304062,Tabatinga - AM,2010,Total,86.1
1304104,Tapauá - AM,2010,Total,70.6
1304203,Tefé - AM,2010,Total,87.2
1304237,Tonantins - AM,2010,Total,80.9
1304260,Uarini - AM,2010,Total,81.9
1304302,Urucará - AM,2010,Total,92.6
1304401,Urucurituba - AM,2010,Total,90.9
1400027,Amajari - RR,2010,Total,62.8
1400050,Alto Alegre - RR,2010,Total,59.7
1400100,Boa Vista - RR,2010,Total,94.6
1400159,Bonfim - RR,2010,Total,88.4
1400175,Cantá - RR,2010,Total,84.9
1400209,Caracaraí - RR,2010,Total,88.1
1400233,Caroebe - RR,2010,Total,89.2
1400282,Iracema - RR,2010,Total,70.7
1400308,Mucajaí - RR,2010,Total,84.5
1400407,Normandia - RR,2010,Total,89.5
1400456,Pacaraima - RR,2010,Total,91.2
1400472,Rorainópolis - RR,2010,Total,87.0
1400506,São João da Baliza - RR,2010,Total,89.7
1400605,São Luiz - RR,2010,Total,89.1
1400704,Uiramutã - RR,2010,Total,75.1
1500107,Abaetetuba - PA,2010,Total,87.3
1500131,Abel Figueiredo - PA,2010,Total,84.2
1500206,Acará - PA,2010,Total,78.8
1500305,Afuá - PA,2010,Total,73.3
1500347,Água Azul do Norte - PA,2010,Total,89.1
1500404,Alenquer - PA,2010,Total,85.4
1500503,Almeirim - PA,2010,Total,86.6
1500602,Altamira - PA,2010,Total,88.5
1500701,Anajás - PA,2010,Total,68.9
1500800,Ananindeua - PA,2010,Total,96.6
1500859,Anapu - PA,2010,Total,82.1
1500909,Augusto Corrêa - PA,2010,Total,75.9
1500958,Aurora do Pará - PA,2010,Total,77.5
1501006,Aveiro - PA,2010,Total,87.6
1501105,Bagre - PA,2010,Total,76.1
1501204,Baião - PA,2010,Total,86.0
1501253,Bannach - PA,2010,Total,83.2
1501303,Barcarena - PA,2010,Total,91.9
1501402,Belém - PA,2010,Total,96.7
1501451,Belterra - PA,2010,Total,88.6
1501501,Benevides - PA,2010,Total,93.5
1501576,Bom Jesus do Tocantins - PA,2010,Total,81.0
1501600,Bonito - PA,2010,Total,78.9
1501709,Bragança - PA,2010,Total,85.2
1501725,Brasil Novo - PA,2010,Total,83.8
1501758,Brejo Grande do Araguaia - PA,2010,Total,82.0
1501782,Breu Branco - PA,2010,Total,81.6
1501808,Breves - PA,2010,Total,76.3
1501907,Bujaru - PA,2010,Total,86.0
1501956,Cachoeira do Piriá - PA,2010,Total,72.6
1502004,Cachoeira do Arari - PA,2010,Total,86.8
1502103,Cametá - PA,2010,Total,89.7
1502152,Canaã dos Carajás - PA,2010,Total,90.8
1502202,Capanema - PA,2010,Total,87.0
1502301,Capitão Poço - PA,2010,Total,77.6
1502400,Castanhal - PA,2010,Total,92.6
1502509,Chaves - PA,2010,Total,73.7
1502608,Colares - PA,2010,Total,90.4
1502707,Conceição do Araguaia - PA,2010,Total,87.1
1502756,Concórdia do Pará - PA,2010,Total,80.8
1502764,Cumaru do Norte - PA,2010,Total,75.6
1502772,Curionópolis - PA,2010,Total,83.8
1502806,Curralinho - PA,2010,Total,78.1
1502855,Curuá - PA,2010,Total,85.7
1502905,Curuçá - PA,2010,Total,89.6
1502939,Dom Eliseu - PA,2010,Total,84.2
1502954,Eldorado do Carajás - PA,2010,Total,80.5
1503002,Faro - PA,2010,Total,90.1
1503044,Floresta do Araguaia - PA,2010,Total,82.9
1503077,Garrafão do Norte - PA,2010,Total,70.7
1503093,Goianésia do Pará - PA,2010,Total,79.3
1503101,Gurupá - PA,2010,Total,76.2
1503200,Igarapé-Açu - PA,2010,Total,85.3
1503309,Igarapé-Miri - PA,2010,Total,81.6
1503408,Inhangapi - PA,2010,Total,85.4
1503457,Ipixuna do Pará - PA,2010,Total,79.3
1503507,Irituia - PA,2010,Total,82.1
1503606,Itaituba - PA,2010,Total,87.5
1503705,Itupiranga - PA,2010,Total,78.4
1503754,Jacareacanga - PA,2010,Total,74.1
1503804,Jacundá - PA,2010,Total,85.5
1503903,Juruti - PA,2010,Total,91.6
1504000,Limoeiro do Ajuru - PA,2010,Total,85.6
1504059,Mãe do Rio - PA,2010,Total,84.0
1504109,Magalhães Barata - PA,2010,Total,89.8
1504208,Marabá - PA,2010,Total,89.3
1504307,Maracanã - PA,2010,Total,88.6
1504406,Marapanim - PA,2010,Total,91.1
1504422,Marituba - PA,2010,Total,95.3
1504455,Medicilândia - PA,2010,Total,83.3
1504505,Melgaço - PA,2010,Total,64.3
1504604,Mocajuba - PA,2010,Total,89.1
1504703,Moju - PA,2010,Total,81.9
1504802,Monte Alegre - PA,2010,Total,86.8
1504901,Muaná - PA,2010,Total,87.3
1504950,Nova Esperança do Piriá - PA,2010,Total,75.2
1504976,Nova Ipixuna - PA,2010,Total,80.1
1505007,Nova Timboteua - PA,2010,Total,81.4
1505031,Novo Progresso - PA,2010,Total,91.9
1505064,Novo Repartimento - PA,2010,Total,81.0
1505106,Óbidos - PA,2010,Total,87.8
1505205,Oeiras do Pará - PA,2010,Total,81.5
1505304,Oriximiná - PA,2010,Total,89.2
1505403,Ourém - PA,2010,Total,81.1
1505437,Ourilândia do Norte - PA,2010,Total,88.3
1505486,Pacajá - PA,2010,Total,79.8
1505494,Palestina do Pará - PA,2010,Total,78.5
1505502,Paragominas - PA,2010,Total,88.3
1505536,Parauapebas - PA,2010,Total,92.4
1505551,Pau D'Arco - PA,2010,Total,79.6
1505601,Peixe-Boi - PA,2010,Total,79.6
1505635,Piçarra - PA,2010,Total,79.8
1505650,Placas - PA,2010,Total,84.4
1505700,Ponta de Pedras - PA,2010,Total,86.3
1505809,Portel - PA,2010,Total,71.0
1505908,Porto de Moz - PA,2010,Total,78.0
1506005,Prainha - PA,2010,Total,82.8
1506104,Primavera - PA,2010,Total,80.5
1506112,Quatipuru - PA,2010,Total,78.3
1506138,Redenção - PA,2010,Total,89.3
1506161,Rio Maria - PA,2010,Total,85.4
1506187,Rondon do Pará - PA,2010,Total,81.7
1506195,Rurópolis - PA,2010,Total,83.9
1506203,Salinópolis - PA,2010,Total,89.8
1506302,Salvaterra - PA,2010,Total,91.4
1506351,Santa Bárbara do Pará - PA,2010,Total,92.1
1506401,Santa Cruz do Arari - PA,2010,Total,89.0
1506500,Santa Izabel do Pará - PA,2010,Total,91.2
1506559,Santa Luzia do Pará - PA,2010,Total,76.4
1506583,Santa Maria das Barreiras - PA,2010,Total,82.8
1506609,Santa Maria do Pará - PA,2010,Total,81.0
1506708,Santana do Araguaia - PA,2010,Total,86.6
1506807,Santarém - PA,2010,Total,93.2
1506906,Santarém Novo - PA,2010,Total,84.5
1507003,Santo Antônio do Tauá - PA,2010,Total,89.1
1507102,São Caetano de Odivelas - PA,2010,Total,89.1
1507151,São Domingos do Araguaia - PA,2010,Total,81.8
1507201,São Domingos do Capim - PA,2010,Total,79.0
1507300,São Félix do Xingu - PA,2010,Total,88.8
1507409,São Francisco do Pará - PA,2010,Total,85.3
1507458,São Geraldo do Araguaia - PA,2010,Total,82.8
1507466,São João da Ponta - PA,2010,Total,91.4
1507474,São João de Pirabas - PA,2010,Total,81.1
1507508,São João do Araguaia - PA,2010,Total,77.3
1507607,São Miguel do Guamá - PA,2010,Total,84.2
1507706,São Sebastião da Boa Vista - PA,2010,Total,84.8
1507755,Sapucaia - PA,2010,Total,79.7
1507805,Senador José Porfírio - PA,2010,Total,79.8
1507904,Soure - PA,2010,Total,90.8
1507953,Tailândia - PA,2010,Total,87.6
1507961,Terra Alta - PA,2010,Total,91.0
1507979,Terra Santa - PA,2010,Total,92.4
1508001,Tomé-Açu - PA,2010,Total,85.2
1508035,Tracuateua - PA,2010,Total,79.4
1508050,Trairão - PA,2010,Total,82.2
1508084,Tucumã - PA,2010,Total,88.8
1508100,Tucuruí - PA,2010,Total,91.3
1508126,Ulianópolis - PA,2010,Total,86.4
1508159,Uruará - PA,2010,Total,86.2
1508209,Vigia - PA,2010,Total,90.5
1508308,Viseu - PA,2010,Total,78.9
1508357,Vitória do Xingu - PA,2010,Total,85.1
1508407,Xinguara - PA,2010,Total,88.8
1600055,Serra do Navio - AP,2010,Total,90.5
1600105,Amapá - AP,2010,Total,89.9
1600154,Pedra Branca do Amapari - AP,2010,Total,83.6
1600204,Calçoene - AP,2010,Total,88.5
1600212,Cutias - AP,2010,Total,89.9
1600238,Ferreira Gomes - AP,2010,Total,87.6
1600253,Itaubal - AP,2010,Total,87.4
1600279,Laranjal do Jari - AP,2010,Total,89.3
1600303,Macapá - AP,2010,Total,94.1
1600402,Mazagão - AP,2010,Total,81.3
1600501,Oiapoque - AP,2010,Total,91.7
1600535,Porto Grande - AP,2010,Total,88.4
1600550,Pracuúba - AP,2010,Total,89.4
1600600,Santana - AP,2010,Total,91.0
1600709,Tartarugalzinho - AP,2010,Total,84.9
1600808,Vitória do Jari - AP,2010,Total,86.3
1700251,Abreulândia - TO,2010,Total,87.7
1700301,Aguiarnópolis - TO,2010,Total,84.6
1700350,Aliança do Tocantins - TO,2010,Total,87.2
1700400,Almas - TO,2010,Total,80.9
1700707,Alvorada - TO,2010,Total,90.7
1701002,Ananás - TO,2010,Total,83.2
1701051,Angico - TO,2010,Total,84.4
1701101,Aparecida do Rio Negro - TO,2010,Total,86.9
1701309,Aragominas - TO,2010,Total,78.7
1701903,Araguacema - TO,2010,Total,85.5
1702000,Araguaçu - TO,2010,Total,86.9
1702109,Araguaína - TO,2010,Total,92.1
1702158,Araguanã - TO,2010,Total,84.7
1702208,Araguatins - TO,2010,Total,82.5
1702307,Arapoema - TO,2010,Total,84.7
1702406,Arraias - TO,2010,Total,81.9
1702554,Augustinópolis - TO,2010,Total,80.4
1702703,Aurora do Tocantins - TO,2010,Total,81.3
1702901,Axixá do Tocantins - TO,2010,Total,78.8
1703008,Babaçulândia - TO,2010,Total,81.0
1703057,Bandeirantes do Tocantins - TO,2010,Total,84.2
1703073,Barra do Ouro - TO,2010,Total,79.8
1703107,Barrolândia - TO,2010,Total,85.4
1703206,Bernardo Sayão - TO,2010,Total,84.0
1703305,Bom Jesus do Tocantins - TO,2010,Total,86.7
1703602,Brasilândia do Tocantins - TO,2010,Total,85.3
1703701,Brejinho de Nazaré - TO,2010,Total,85.0
1703800,Buriti do Tocantins - TO,2010,Total,80.3
1703826,Cachoeirinha - TO,2010,Total,84.5
1703842,Campos Lindos - TO,2010,Total,81.7
1703867,Cariri do Tocantins - TO,2010,Total,86.8
1703883,Carmolândia - TO,2010,Total,83.0
1703891,Carrasco Bonito - TO,2010,Total,74.8
1703909,Caseara - TO,2010,Total,84.0
1704105,Centenário - TO,2010,Total,74.1
1704600,Chapada de Areia - TO,2010,Total,82.5
1705102,Chapada da Natividade - TO,2010,Total,81.8
1705508,Colinas do Tocantins - TO,2010,Total,89.1
1705557,Combinado - TO,2010,Total,83.8
1705607,Conceição do Tocantins - TO,2010,Total,79.8
1706001,Couto Magalhães - TO,2010,Total,84.4
1706100,Cristalândia - TO,2010,Total,88.6
1706258,Crixás do Tocantins - TO,2010,Total,90.4
1706506,Darcinópolis - TO,2010,Total,81.3
1707009,Dianópolis - TO,2010,Total,89.2
1707108,Divinópolis do Tocantins - TO,2010,Total,85.3
1707207,Dois Irmãos do Tocantins - TO,2010,Total,84.2
1707306,Dueré - TO,2010,Total,88.5
1707405,Esperantina - TO,2010,Total,80.4
1707553,Fátima - TO,2010,Total,86.6
1707652,Figueirópolis - TO,2010,Total,84.8
1707702,Filadélfia - TO,2010,Total,82.7
1708205,Formoso do Araguaia - TO,2010,Total,88.4
1708254,Tabocão - TO,2010,Total,84.7
1708304,Goianorte - TO,2010,Total,84.6
1709005,Goiatins - TO,2010,Total,77.4
1709302,Guaraí - TO,2010,Total,89.8
1709500,Gurupi - TO,2010,Total,94.1
1709807,Ipueiras - TO,2010,Total,85.5
1710508,Itacajá - TO,2010,Total,82.6
1710706,Itaguatins - TO,2010,Total,77.8
1710904,Itapiratins - TO,2010,Total,83.0
1711100,Itaporã do Tocantins - TO,2010,Total,83.1
1711506,Jaú do Tocantins - TO,2010,Total,87.8
1711803,Juarina - TO,2010,Total,86.3
1711902,Lagoa da Confusão - TO,2010,Total,87.0
1711951,Lagoa do Tocantins - TO,2010,Total,79.4
1712009,Lajeado - TO,2010,Total,91.3
1712157,Lavandeira - TO,2010,Total,79.9
1712405,Lizarda - TO,2010,Total,79.8
1712454,Luzinópolis - TO,2010,Total,83.7
1712504,Marianópolis do Tocantins - TO,2010,Total,83.6
1712702,Mateiros - TO,2010,Total,75.5
1712801,Maurilândia do Tocantins - TO,2010,Total,79.4
1713205,Miracema do Tocantins - TO,2010,Total,90.2
1713304,Miranorte - TO,2010,Total,87.6
1713601,Monte do Carmo - TO,2010,Total,82.8
1713700,Monte Santo do Tocantins - TO,2010,Total,85.7
1713809,Palmeiras do Tocantins - TO,2010,Total,85.0
1713957,Muricilândia - TO,2010,Total,78.4
1714203,Natividade - TO,2010,Total,83.1
1714302,Nazaré - TO,2010,Total,81.5
1714880,Nova Olinda - TO,2010,Total,84.4
1715002,Nova Rosalândia - TO,2010,Total,86.2
1715101,Novo Acordo - TO,2010,Total,86.7
1715150,Novo Alegre - TO,2010,Total,87.8
1715259,Novo Jardim - TO,2010,Total,82.9
1715507,Oliveira de Fátima - TO,2010,Total,85.3
1715705,Palmeirante - TO,2010,Total,81.9
1715754,Palmeirópolis - TO,2010,Total,88.1
1716109,Paraíso do Tocantins - TO,2010,Total,93.7
1716208,Paranã - TO,2010,Total,76.8
1716307,Pau D'Arco - TO,2010,Total,82.9
1716505,Pedro Afonso - TO,2010,Total,90.5
1716604,Peixe - TO,2010,Total,85.3
1716653,Pequizeiro - TO,2010,Total,82.7
1716703,Colméia - TO,2010,Total,82.9
1717008,Pindorama do Tocantins - TO,2010,Total,86.5
1717206,Piraquê - TO,2010,Total,81.0
1717503,Pium - TO,2010,Total,82.4
1717800,Ponte Alta do Bom Jesus - TO,2010,Total,78.1
1717909,Ponte Alta do Tocantins - TO,2010,Total,85.0
1718006,Porto Alegre do Tocantins - TO,2010,Total,82.7
1718204,Porto Nacional - TO,2010,Total,91.7
1718303,Praia Norte - TO,2010,Total,73.0
1718402,Presidente Kennedy - TO,2010,Total,85.5
1718451,Pugmil - TO,2010,Total,88.5
1718501,Recursolândia - TO,2010,Total,74.7
1718550,Riachinho - TO,2010,Total,80.1
1718659,Rio da Conceição - TO,2010,Total,87.6
1718709,Rio dos Bois - TO,2010,Total,82.6
1718758,Rio Sono - TO,2010,Total,82.5
1718808,Sampaio - TO,2010,Total,79.0
1718840,Sandolândia - TO,2010,Total,85.0
1718865,Santa Fé do Araguaia - TO,2010,Total,82.1
1718881,Santa Maria do Tocantins - TO,2010,Total,84.3
1718899,Santa Rita do Tocantins - TO,2010,Total,86.5
1718907,Santa Rosa do Tocantins - TO,2010,Total,84.8
1719004,Santa Tereza do Tocantins - TO,2010,Total,87.2
1720002,Santa Terezinha do Tocantins - TO,2010,Total,81.2
1720101,São Bento do Tocantins - TO,2010,Total,82.5
1720150,São Félix do Tocantins - TO,2010,Total,81.6
1720200,São Miguel do Tocantins - TO,2010,Total,77.5
1720259,São Salvador do Tocantins - TO,2010,Total,83.1
1720309,São Sebastião do Tocantins - TO,2010,Total,76.9
1720499,São Valério - TO,2010,Total,82.2
1720655,Silvanópolis - TO,2010,Total,84.4
1720804,Sítio Novo do Tocantins - TO,2010,Total,76.2
1720853,Sucupira - TO,2010,Total,86.7
1720903,Taguatinga - TO,2010,Total,82.8
1720937,Taipas do Tocantins - TO,2010,Total,76.5
1720978,Talismã - TO,2010,Total,83.1
1721000,Palmas - TO,2010,Total,96.4
1721109,Tocantínia - TO,2010,Total,81.0
1721208,Tocantinópolis - TO,2010,Total,85.6
1721257,Tupirama - TO,2010,Total,85.9
1721307,Tupiratins - TO,2010,Total,82.4
1722081,Wanderlândia - TO,2010,Total,83.1
1722107,Xambioá - TO,2010,Total,83.9
2100055,Açailândia - MA,2010,Total,84.0
2100105,Afonso Cunha - MA,2010,Total,69.5
2100154,Água Doce do Maranhão - MA,2010,Total,66.4
2100204,Alcântara - MA,2010,Total,79.4
2100303,Aldeias Altas - MA,2010,Total,64.9
2100402,Altamira do Maranhão - MA,2010,Total,69.8
2100436,Alto Alegre do Maranhão - MA,2010,Total,73.6
2100477,Alto Alegre do Pindaré - MA,2010,Total,71.9
2100501,Alto Parnaíba - MA,2010,Total,80.7
2100550,Amapá do Maranhão - MA,2010,Total,69.5
2100600,Amarante do Maranhão - MA,2010,Total,74.2
2100709,Anajatuba - MA,2010,Total,75.4
2100808,Anapurus - MA,2010,Total,72.0
2100832,Apicum-Açu - MA,2010,Total,83.0
2100873,Araguanã - MA,2010,Total,74.6
2100907,Araioses - MA,2010,Total,69.3
2100956,Arame - MA,2010,Total,69.8
2101004,Arari - MA,2010,Total,79.6
2101103,Axixá - MA,2010,Total,85.3
2101202,Bacabal - MA,2010,Total,80.4
2101251,Bacabeira - MA,2010,Total,83.4
2101301,Bacuri - MA,2010,Total,78.9
2101350,Bacurituba - MA,2010,Total,78.3
2101400,Balsas - MA,2010,Total,88.3
2101509,Barão de Grajaú - MA,2010,Total,79.4
2101608,Barra do Corda - MA,2010,Total,75.0
2101707,Barreirinhas - MA,2010,Total,76.9
2101731,Belágua - MA,2010,Total,63.4
2101772,Bela Vista do Maranhão - MA,2010,Total,72.9
2101806,Benedito Leite - MA,2010,Total,73.3
2101905,Bequimão - MA,2010,Total,78.0
2101939,Bernardo do Mearim - MA,2010,Total,75.5
2101970,Boa Vista do Gurupi - MA,2010,Total,79.2
2102002,Bom Jardim - MA,2010,Total,71.2
2102036,Bom Jesus das Selvas - MA,2010,Total,74.6
2102077,Bom Lugar - MA,2010,Total,71.1
2102101,Brejo - MA,2010,Total,72.5
2102150,Brejo de Areia - MA,2010,Total,69.5
2102200,Buriti - MA,2010,Total,72.3
2102309,Buriti Bravo - MA,2010,Total,72.8
2102325,Buriticupu - MA,2010,Total,75.4
2102358,Buritirana - MA,2010,Total,74.6
2102374,Cachoeira Grande - MA,2010,Total,72.2
2102408,Cajapió - MA,2010,Total,75.5
2102507,Cajari - MA,2010,Total,79.3
2102556,Campestre do Maranhão - MA,2010,Total,81.1
2102606,Cândido Mendes - MA,2010,Total,79.4
2102705,Cantanhede - MA,2010,Total,73.4
2102754,Capinzal do Norte - MA,2010,Total,70.6
2102804,Carolina - MA,2010,Total,86.3
2102903,Carutapera - MA,2010,Total,82.4
2103000,Caxias - MA,2010,Total,76.2
2103109,Cedral - MA,2010,Total,84.2
2103125,Central do Maranhão - MA,2010,Total,75.9
2103158,Centro do Guilherme - MA,2010,Total,73.0
2103174,Centro Novo do Maranhão - MA,2010,Total,76.7
2103208,Chapadinha - MA,2010,Total,76.7
2103257,Cidelândia - MA,2010,Total,78.0
2103307,Codó - MA,2010,Total,72.1
2103406,Coelho Neto - MA,2010,Total,73.8
2103505,Colinas - MA,2010,Total,72.5
2103554,Conceição do Lago-Açu - MA,2010,Total,67.2
2103604,Coroatá - MA,2010,Total,71.2
2103703,Cururupu - MA,2010,Total,84.4
2103752,Davinópolis - MA,2010,Total,77.7
2103802,Dom Pedro - MA,2010,Total,78.3
2103901,Duque Bacelar - MA,2010,Total,69.8
2104008,Esperantinópolis - MA,2010,Total,71.8
2104057,Estreito - MA,2010,Total,85.4
2104073,Feira Nova do Maranhão - MA,2010,Total,83.1
2104081,Fernando Falcão - MA,2010,Total,65.5
2104099,Formosa da Serra Negra - MA,2010,Total,83.4
2104107,Fortaleza dos Nogueiras - MA,2010,Total,86.1
2104206,Fortuna - MA,2010,Total,72.7
2104305,Godofredo Viana - MA,2010,Total,84.6
2104404,Gonçalves Dias - MA,2010,Total,68.0
2104503,Governador Archer - MA,2010,Total,71.4
2104552,Governador Edison Lobão - MA,2010,Total,82.3
2104602,Governador Eugênio Barros - MA,2010,Total,66.8
2104628,Governador Luiz Rocha - MA,2010,Total,72.4
2104651,Governador Newton Bello - MA,2010,Total,66.8
2104677,Governador Nunes Freire - MA,2010,Total,77.0
2104701,Graça Aranha - MA,2010,Total,72.6
2104800,Grajaú - MA,2010,Total,79.2
2104909,Guimarães - MA,2010,Total,85.6
2105005,Humberto de Campos - MA,2010,Total,78.3
2105104,Icatu - MA,2010,Total,80.8
2105153,Igarapé do Meio - MA,2010,Total,73.8
2105203,Igarapé Grande - MA,2010,Total,74.0
2105302,Imperatriz - MA,2010,Total,90.0
2105351,Itaipava do Grajaú - MA,2010,Total,68.6
2105401,Itapecuru Mirim - MA,2010,Total,75.7
2105427,Itinga do Maranhão - MA,2010,Total,78.9
2105450,Jatobá - MA,2010,Total,71.0
2105476,Jenipapo dos Vieiras - MA,2010,Total,68.0
2105500,João Lisboa - MA,2010,Total,79.7
2105609,Joselândia - MA,2010,Total,68.9
2105658,Junco do Maranhão - MA,2010,Total,76.2
2105708,Lago da Pedra - MA,2010,Total,72.0
2105807,Lago do Junco - MA,2010,Total,70.7
2105906,Lago Verde - MA,2010,Total,70.4
2105922,Lagoa do Mato - MA,2010,Total,70.4
2105948,Lago dos Rodrigues - MA,2010,Total,73.1
2105963,Lagoa Grande do Maranhão - MA,2010,Total,67.4
2105989,Lajeado Novo - MA,2010,Total,82.9
2106003,Lima Campos - MA,2010,Total,71.2
2106102,Loreto - MA,2010,Total,79.9
2106201,Luís Domingues - MA,2010,Total,82.3
2106300,Magalhães de Almeida - MA,2010,Total,72.0
2106326,Maracaçumé - MA,2010,Total,76.7
2106359,Marajá do Sena - MA,2010,Total,63.4
2106375,Maranhãozinho - MA,2010,Total,74.4
2106409,Mata Roma - MA,2010,Total,73.5
2106508,Matinha - MA,2010,Total,82.4
2106607,Matões - MA,2010,Total,67.5
2106631,Matões do Norte - MA,2010,Total,68.8
2106672,Milagres do Maranhão - MA,2010,Total,67.6
2106706,Mirador - MA,2010,Total,72.9
2106755,Miranda do Norte - MA,2010,Total,81.1
2106805,Mirinzal - MA,2010,Total,84.9
2106904,Monção - MA,2010,Total,74.9
2107001,Montes Altos - MA,2010,Total,82.3
2107100,Morros - MA,2010,Total,71.9
2107209,Nina Rodrigues - MA,2010,Total,73.9
2107258,Nova Colinas - MA,2010,Total,80.2
2107308,Nova Iorque - MA,2010,Total,71.8
2107357,Nova Olinda do Maranhão - MA,2010,Total,75.4
2107407,Olho d'Água das Cunhãs - MA,2010,Total,68.2
2107456,Olinda Nova do Maranhão - MA,2010,Total,76.1
2107506,Paço do Lumiar - MA,2010,Total,94.5
2107605,Palmeirândia - MA,2010,Total,76.1
2107704,Paraibano - MA,2010,Total,72.9
2107803,Parnarama - MA,2010,Total,66.9
2107902,Passagem Franca - MA,2010,Total,67.8
2108009,Pastos Bons - MA,2010,Total,78.2
2108058,Paulino Neves - MA,2010,Total,72.9
2108108,Paulo Ramos - MA,2010,Total,66.5
2108207,Pedreiras - MA,2010,Total,82.1
2108256,Pedro do Rosário - MA,2010,Total,73.1
2108306,Penalva - MA,2010,Total,81.0
2108405,Peri Mirim - MA,2010,Total,79.4
2108454,Peritoró - MA,2010,Total,66.2
2108504,Pindaré-Mirim - MA,2010,Total,81.6
2108603,Pinheiro - MA,2010,Total,83.6
2108702,Pio XII - MA,2010,Total,71.3
2108801,Pirapemas - MA,2010,Total,72.6
2108900,Poção de Pedras - MA,2010,Total,71.1
2109007,Porto Franco - MA,2010,Total,86.0
2109056,Porto Rico do Maranhão - MA,2010,Total,85.9
2109106,Presidente Dutra - MA,2010,Total,80.2
2109205,Presidente Juscelino - MA,2010,Total,74.4
2109239,Presidente Médici - MA,2010,Total,77.0
2109270,Presidente Sarney - MA,2010,Total,72.5
2109304,Presidente Vargas - MA,2010,Total,73.6
2109403,Primeira Cruz - MA,2010,Total,75.4
2109452,Raposa - MA,2010,Total,85.9
2109502,Riachão - MA,2010,Total,82.0
2109551,Ribamar Fiquene - MA,2010,Total,80.1
2109601,Rosário - MA,2010,Total,83.3
2109700,Sambaíba - MA,2010,Total,80.5
2109759,Santa Filomena do Maranhão - MA,2010,Total,71.4
2109809,Santa Helena - MA,2010,Total,78.6
2109908,Santa Inês - MA,2010,Total,83.9
2110005,Santa Luzia - MA,2010,Total,70.0
2110039,Santa Luzia do Paruá - MA,2010,Total,78.5
2110104,Santa Quitéria do Maranhão - MA,2010,Total,69.5
2110203,Santa Rita - MA,2010,Total,79.7
2110237,Santana do Maranhão - MA,2010,Total,69.7
2110278,Santo Amaro do Maranhão - MA,2010,Total,78.6
2110302,Santo Antônio dos Lopes - MA,2010,Total,72.3
2110401,São Benedito do Rio Preto - MA,2010,Total,71.4
2110500,São Bento - MA,2010,Total,81.9
2110609,São Bernardo - MA,2010,Total,73.3
2110658,São Domingos do Azeitão - MA,2010,Total,71.9
2110708,São Domingos do Maranhão - MA,2010,Total,75.4
2110807,São Félix de Balsas - MA,2010,Total,73.0
2110856,São Francisco do Brejão - MA,2010,Total,76.1
2110906,São Francisco do Maranhão - MA,2010,Total,66.7
2111003,São João Batista - MA,2010,Total,80.1
2111029,São João do Carú - MA,2010,Total,68.9
2111052,São João do Paraíso - MA,2010,Total,80.3
2111078,São João do Soter - MA,2010,Total,64.0
2111102,São João dos Patos - MA,2010,Total,78.0
2111201,São José de Ribamar - MA,2010,Total,93.8
2111250,São José dos Basílios - MA,2010,Total,70.7
2111300,São Luís - MA,2010,Total,95.5
2111409,São Luís Gonzaga do Maranhão - MA,2010,Total,67.5
2111508,São Mateus do Maranhão - MA,2010,Total,70.9
2111532,São Pedro da Água Branca - MA,2010,Total,74.9
2111573,São Pedro dos Crentes - MA,2010,Total,82.8
2111607,São Raimundo das Mangabeiras - MA,2010,Total,82.2
2111631,São Raimundo do Doca Bezerra - MA,2010,Total,65.8
2111672,São Roberto - MA,2010,Total,67.4
2111706,São Vicente Ferrer - MA,2010,Total,75.3
2111722,Satubinha - MA,2010,Total,73.6
2111748,Senador Alexandre Costa - MA,2010,Total,68.8
2111763,Senador La Rocque - MA,2010,Total,72.6
2111789,Serrano do Maranhão - MA,2010,Total,69.5
2111805,Sítio Novo - MA,2010,Total,80.8
2111904,Sucupira do Norte - MA,2010,Total,76.1
2111953,Sucupira do Riachão - MA,2010,Total,69.8
2112001,Tasso Fragoso - MA,2010,Total,84.0
2112100,Timbiras - MA,2010,Total,65.4
2112209,Timon - MA,2010,Total,83.9
2112233,Trizidela do Vale - MA,2010,Total,77.4
2112274,Tufilândia - MA,2010,Total,69.7
2112308,Tuntum - MA,2010,Total,72.8
2112407,Turiaçu - MA,2010,Total,76.3
2112456,Turilândia - MA,2010,Total,71.0
2112506,Tutóia - MA,2010,Total,73.3
2112605,Urbano Santos - MA,2010,Total,72.4
2112704,Vargem Grande - MA,2010,Total,70.4
2112803,Viana - MA,2010,Total,83.5
2112852,Vila Nova dos Martírios - MA,2010,Total,74.7
2112902,Vitória do Mearim - MA,2010,Total,77.0
2113009,Vitorino Freire - MA,2010,Total,70.4
2114007,Zé Doca - MA,2010,Total,78.2
2200053,Acauã - PI,2010,Total,72.5
2200103,Agricolândia - PI,2010,Total,75.1
2200202,Água Branca - PI,2010,Total,78.2
2200251,Alagoinha do Piauí - PI,2010,Total,58.4
2200277,Alegrete do Piauí - PI,2010,Total,68.1
2200301,Alto Longá - PI,2010,Total,70.2
2200400,Altos - PI,2010,Total,76.0
2200459,Alvorada do Gurguéia - PI,2010,Total,76.7
2200509,Amarante - PI,2010,Total,74.0
2200608,Angical do Piauí - PI,2010,Total,77.5
2200707,Anísio de Abreu - PI,2010,Total,72.7
2200806,Antônio Almeida - PI,2010,Total,77.6
2200905,Aroazes - PI,2010,Total,72.0
2200954,Aroeiras do Itaim - PI,2010,Total,66.1
2201002,Arraial - PI,2010,Total,71.2
2201051,Assunção do Piauí - PI,2010,Total,63.5
2201101,Avelino Lopes - PI,2010,Total,78.5
2201150,Baixa Grande do Ribeiro - PI,2010,Total,81.1
2201176,Barra D'Alcântara - PI,2010,Total,71.9
2201200,Barras - PI,2010,Total,71.4
2201309,Barreiras do Piauí - PI,2010,Total,79.4
2201408,Barro Duro - PI,2010,Total,74.6
2201507,Batalha - PI,2010,Total,68.2
2201556,Bela Vista do Piauí - PI,2010,Total,79.5
2201572,Belém do Piauí - PI,2010,Total,66.7
2201606,Beneditinos - PI,2010,Total,69.8
2201705,Bertolínia - PI,2010,Total,77.2
2201739,Betânia do Piauí - PI,2010,Total,65.2
2201770,Boa Hora - PI,2010,Total,65.9
2201804,Bocaina - PI,2010,Total,79.0
2201903,Bom Jesus - PI,2010,Total,83.1
2201919,Bom Princípio do Piauí - PI,2010,Total,68.5
2201929,Bonfim do Piauí - PI,2010,Total,68.7
2201945,Boqueirão do Piauí - PI,2010,Total,70.0
2201960,Brasileira - PI,2010,Total,66.4
2201988,Brejo do Piauí - PI,2010,Total,64.6
2202000,Buriti dos Lopes - PI,2010,Total,72.9
2202026,Buriti dos Montes - PI,2010,Total,71.2
2202059,Cabeceiras do Piauí - PI,2010,Total,69.6
2202075,Cajazeiras do Piauí - PI,2010,Total,71.5
2202083,Cajueiro da Praia - PI,2010,Total,70.4
2202091,Caldeirão Grande do Piauí - PI,2010,Total,69.0
2202109,Campinas do Piauí - PI,2010,Total,73.8
2202117,Campo Alegre do Fidalgo - PI,2010,Total,69.4
2202133,Campo Grande do Piauí - PI,2010,Total,66.8
2202174,Campo Largo do Piauí - PI,2010,Total,65.1
2202208,Campo Maior - PI,2010,Total,79.5
2202251,Canavieira - PI,2010,Total,75.4
2202307,Canto do Buriti - PI,2010,Total,72.9
2202406,Capitão de Campos - PI,2010,Total,71.4
2202455,Capitão Gervásio Oliveira - PI,2010,Total,70.5
2202505,Caracol - PI,2010,Total,66.9
2202539,Caraúbas do Piauí - PI,2010,Total,59.3
2202554,Caridade do Piauí - PI,2010,Total,70.8
2202604,Castelo do Piauí - PI,2010,Total,74.9
2202653,Caxingó - PI,2010,Total,59.1
2202703,Cocal - PI,2010,Total,67.5
2202711,Cocal de Telha - PI,2010,Total,70.1
2202729,Cocal dos Alves - PI,2010,Total,67.9
2202737,Coivaras - PI,2010,Total,71.1
2202752,Colônia do Gurguéia - PI,2010,Total,79.7
2202778,Colônia do Piauí - PI,2010,Total,68.4
2202802,Conceição do Canindé - PI,2010,Total,71.9
2202851,Coronel José Dias - PI,2010,Total,70.3
2202901,Corrente - PI,2010,Total,82.4
2203008,Cristalândia do Piauí - PI,2010,Total,75.4
2203107,Cristino Castro - PI,2010,Total,76.7
2203206,Curimatá - PI,2010,Total,82.7
2203230,Currais - PI,2010,Total,69.5
2203255,Curralinhos - PI,2010,Total,72.1
2203271,Curral Novo do Piauí - PI,2010,Total,68.3
2203305,Demerval Lobão - PI,2010,Total,76.6
2203354,Dirceu Arcoverde - PI,2010,Total,73.5
2203404,Dom Expedito Lopes - PI,2010,Total,75.8
2203420,Domingos Mourão - PI,2010,Total,72.9
2203453,Dom Inocêncio - PI,2010,Total,77.1
2203503,Elesbão Veloso - PI,2010,Total,67.0
2203602,Eliseu Martins - PI,2010,Total,80.5
2203701,Esperantina - PI,2010,Total,72.9
2203750,Fartura do Piauí - PI,2010,Total,69.5
2203800,Flores do Piauí - PI,2010,Total,70.5
2203859,Floresta do Piauí - PI,2010,Total,62.6
2203909,Floriano - PI,2010,Total,87.9
2204006,Francinópolis - PI,2010,Total,69.1
2204105,Francisco Ayres - PI,2010,Total,71.7
2204154,Francisco Macedo - PI,2010,Total,66.6
2204204,Francisco Santos - PI,2010,Total,74.3
2204303,Fronteiras - PI,2010,Total,73.8
2204352,Geminiano - PI,2010,Total,68.3
2204402,Gilbués - PI,2010,Total,78.7
2204501,Guadalupe - PI,2010,Total,82.7
2204550,Guaribas - PI,2010,Total,68.8
2204600,Hugo Napoleão - PI,2010,Total,71.3
2204659,Ilha Grande - PI,2010,Total,75.6
2204709,Inhuma - PI,2010,Total,75.5
2204808,Ipiranga do Piauí - PI,2010,Total,79.3
2204907,Isaías Coelho - PI,2010,Total,67.8
2205003,Itainópolis - PI,2010,Total,65.7
2205102,Itaueira - PI,2010,Total,74.5
2205151,Jacobina do Piauí - PI,2010,Total,66.4
2205201,Jaicós - PI,2010,Total,63.9
2205250,Jardim do Mulato - PI,2010,Total,73.4
2205276,Jatobá do Piauí - PI,2010,Total,72.2
2205300,Jerumenha - PI,2010,Total,77.3
2205359,João Costa - PI,2010,Total,72.9
2205409,Joaquim Pires - PI,2010,Total,67.5
2205458,Joca Marques - PI,2010,Total,64.9
2205508,José de Freitas - PI,2010,Total,77.3
2205516,Juazeiro do Piauí - PI,2010,Total,73.6
2205524,Júlio Borges - PI,2010,Total,82.7
2205532,Jurema - PI,2010,Total,67.4
2205540,Lagoinha do Piauí - PI,2010,Total,75.2
2205557,Lagoa Alegre - PI,2010,Total,71.6
2205565,Lagoa do Barro do Piauí - PI,2010,Total,74.6
2205573,Lagoa de São Francisco - PI,2010,Total,70.3
2205581,Lagoa do Piauí - PI,2010,Total,75.2
2205599,Lagoa do Sítio - PI,2010,Total,67.1
2205607,Landri Sales - PI,2010,Total,75.2
2205706,Luís Correia - PI,2010,Total,72.7
2205805,Luzilândia - PI,2010,Total,66.9
2205854,Madeiro - PI,2010,Total,70.0
2205904,Manoel Emídio - PI,2010,Total,78.5
2205953,Marcolândia - PI,2010,Total,68.6
2206001,Marcos Parente - PI,2010,Total,76.9
2206050,Massapê do Piauí - PI,2010,Total,59.8
2206100,Matias Olímpio - PI,2010,Total,68.6
2206209,Miguel Alves - PI,2010,Total,64.9
2206308,Miguel Leão - PI,2010,Total,73.3
2206357,Milton Brandão - PI,2010,Total,66.3
2206407,Monsenhor Gil - PI,2010,Total,77.7
2206506,Monsenhor Hipólito - PI,2010,Total,68.1
2206605,Monte Alegre do Piauí - PI,2010,Total,78.4
2206654,Morro Cabeça no Tempo - PI,2010,Total,77.4
2206670,Morro do Chapéu do Piauí - PI,2010,Total,68.8
2206696,Murici dos Portelas - PI,2010,Total,64.5
2206704,Nazaré do Piauí - PI,2010,Total,71.7
2206720,Nazária - PI,2010,Total,72.6
2206753,Nossa Senhora de Nazaré - PI,2010,Total,76.2
2206803,Nossa Senhora dos Remédios - PI,2010,Total,67.7
2206902,Novo Oriente do Piauí - PI,2010,Total,69.8
2206951,Novo Santo Antônio - PI,2010,Total,66.6
2207009,Oeiras - PI,2010,Total,76.6
2207108,Olho D'Água do Piauí - PI,2010,Total,81.5
2207207,Padre Marcos - PI,2010,Total,63.0
2207306,Paes Landim - PI,2010,Total,76.9
2207355,Pajeú do Piauí - PI,2010,Total,69.9
2207405,Palmeira do Piauí - PI,2010,Total,76.4
2207504,Palmeirais - PI,2010,Total,70.7
2207553,Paquetá - PI,2010,Total,60.5
2207603,Parnaguá - PI,2010,Total,76.2
2207702,Parnaíba - PI,2010,Total,84.6
2207751,Passagem Franca do Piauí - PI,2010,Total,63.2
2207777,Patos do Piauí - PI,2010,Total,64.0
2207793,Pau D'Arco do Piauí - PI,2010,Total,68.5
2207801,Paulistana - PI,2010,Total,72.2
2207850,Pavussu - PI,2010,Total,67.2
2207900,Pedro II - PI,2010,Total,71.6
2207934,Pedro Laurentino - PI,2010,Total,80.0
2207959,Nova Santa Rita - PI,2010,Total,72.7
2208007,Picos - PI,2010,Total,83.7
2208106,Pimenteiras - PI,2010,Total,68.2
2208205,Pio IX - PI,2010,Total,72.0
2208304,Piracuruca - PI,2010,Total,73.3
2208403,Piripiri - PI,2010,Total,76.2
2208502,Porto - PI,2010,Total,68.0
2208551,Porto Alegre do Piauí - PI,2010,Total,75.2
2208601,Prata do Piauí - PI,2010,Total,67.8
2208650,Queimada Nova - PI,2010,Total,71.3
2208700,Redenção do Gurguéia - PI,2010,Total,80.5
2208809,Regeneração - PI,2010,Total,71.0
2208858,Riacho Frio - PI,2010,Total,81.0
2208874,Ribeira do Piauí - PI,2010,Total,73.0
2208908,Ribeiro Gonçalves - PI,2010,Total,79.0
2209005,Rio Grande do Piauí - PI,2010,Total,72.7
2209104,Santa Cruz do Piauí - PI,2010,Total,66.5
2209153,Santa Cruz dos Milagres - PI,2010,Total,69.1
2209203,Santa Filomena - PI,2010,Total,77.8
2209302,Santa Luz - PI,2010,Total,76.0
2209351,Santana do Piauí - PI,2010,Total,72.6
2209377,Santa Rosa do Piauí - PI,2010,Total,71.2
2209401,Santo Antônio de Lisboa - PI,2010,Total,73.4
2209450,Santo Antônio dos Milagres - PI,2010,Total,74.4
2209500,Santo Inácio do Piauí - PI,2010,Total,72.7
2209559,São Braz do Piauí - PI,2010,Total,72.2
2209609,São Félix do Piauí - PI,2010,Total,70.8
2209658,São Francisco de Assis do Piauí - PI,2010,Total,64.7
2209708,São Francisco do Piauí - PI,2010,Total,71.1
2209757,São Gonçalo do Gurguéia - PI,2010,Total,77.6
2209807,São Gonçalo do Piauí - PI,2010,Total,75.5
2209856,São João da Canabrava - PI,2010,Total,66.4
2209872,São João da Fronteira - PI,2010,Total,66.3
2209906,São João da Serra - PI,2010,Total,65.1
2209955,São João da Varjota - PI,2010,Total,67.9
2209971,São João do Arraial - PI,2010,Total,67.3
2210003,São João do Piauí - PI,2010,Total,79.2
2210052,São José do Divino - PI,2010,Total,67.3
2210102,São José do Peixe - PI,2010,Total,72.4
2210201,São José do Piauí - PI,2010,Total,65.2
2210300,São Julião - PI,2010,Total,63.8
2210359,São Lourenço do Piauí - PI,2010,Total,77.1
2210375,São Luis do Piauí - PI,2010,Total,69.9
2210383,São Miguel da Baixa Grande - PI,2010,Total,64.4
2210391,São Miguel do Fidalgo - PI,2010,Total,70.1
2210409,São Miguel do Tapuio - PI,2010,Total,67.3
2210508,São Pedro do Piauí - PI,2010,Total,72.5
2210607,São Raimundo Nonato - PI,2010,Total,81.2
2210623,Sebastião Barros - PI,2010,Total,78.9
2210631,Sebastião Leal - PI,2010,Total,74.8
2210656,Sigefredo Pacheco - PI,2010,Total,69.3
2210706,Simões - PI,2010,Total,72.6
2210805,Simplício Mendes - PI,2010,Total,77.7
2210904,Socorro do Piauí - PI,2010,Total,74.9
2210938,Sussuapara - PI,2010,Total,72.1
2210953,Tamboril do Piauí - PI,2010,Total,67.3
2210979,Tanque do Piauí - PI,2010,Total,73.7
2211001,Teresina - PI,2010,Total,91.5
2211100,União - PI,2010,Total,73.8
2211209,Uruçuí - PI,2010,Total,83.0
2211308,Valença do Piauí - PI,2010,Total,75.6
2211357,Várzea Branca - PI,2010,Total,71.2
2211407,Várzea Grande - PI,2010,Total,69.9
2211506,Vera Mendes - PI,2010,Total,60.1
2211605,Vila Nova do Piauí - PI,2010,Total,72.2
2211704,Wall Ferraz - PI,2010,Total,68.0
2300101,Abaiara - CE,2010,Total,73.7
2300150,Acarape - CE,2010,Total,80.5
2300200,Acaraú - CE,2010,Total,74.3
2300309,Acopiara - CE,2010,Total,69.9
2300408,Aiuaba - CE,2010,Total,69.8
2300507,Alcântaras - CE,2010,Total,74.4
2300606,Altaneira - CE,2010,Total,71.8
2300705,Alto Santo - CE,2010,Total,72.4
2300754,Amontada - CE,2010,Total,77.0
2300804,Antonina do Norte - CE,2010,Total,70.7
2300903,Apuiarés - CE,2010,Total,75.8
2301000,Aquiraz - CE,2010,Total,81.0
2301109,Aracati - CE,2010,Total,80.9
2301208,Aracoiaba - CE,2010,Total,72.8
2301257,Ararendá - CE,2010,Total,69.3
2301307,Araripe - CE,2010,Total,70.5
2301406,Aratuba - CE,2010,Total,77.8
2301505,Arneiroz - CE,2010,Total,72.5
2301604,Assaré - CE,2010,Total,71.7
2301703,Aurora - CE,2010,Total,75.0
2301802,Baixio - CE,2010,Total,77.9
2301851,Banabuiú - CE,2010,Total,72.9
2301901,Barbalha - CE,2010,Total,83.0
2301950,Barreira - CE,2010,Total,75.4
2302008,Barro - CE,2010,Total,78.4
2302057,Barroquinha - CE,2010,Total,69.0
2302107,Baturité - CE,2010,Total,79.6
2302206,Beberibe - CE,2010,Total,76.7
2302305,Bela Cruz - CE,2010,Total,75.7
2302404,Boa Viagem - CE,2010,Total,71.3
2302503,Brejo Santo - CE,2010,Total,79.0
2302602,Camocim - CE,2010,Total,76.3
2302701,Campos Sales - CE,2010,Total,73.8
2302800,Canindé - CE,2010,Total,78.0
2302909,Capistrano - CE,2010,Total,74.6
2303006,Caridade - CE,2010,Total,76.1
2303105,Cariré - CE,2010,Total,73.0
2303204,Caririaçu - CE,2010,Total,72.1
2303303,Cariús - CE,2010,Total,71.4
2303402,Carnaubal - CE,2010,Total,73.8
2303501,Cascavel - CE,2010,Total,79.2
2303600,Catarina - CE,2010,Total,72.9
2303659,Catunda - CE,2010,Total,73.0
2303709,Caucaia - CE,2010,Total,88.0
2303808,Cedro - CE,2010,Total,74.6
2303907,Chaval - CE,2010,Total,70.6
2303931,Choró - CE,2010,Total,71.6
2303956,Chorozinho - CE,2010,Total,73.6
2304004,Coreaú - CE,2010,Total,67.2
2304103,Crateús - CE,2010,Total,77.0
2304202,Crato - CE,2010,Total,86.3
2304236,Croatá - CE,2010,Total,68.8
2304251,Cruz - CE,2010,Total,78.5
2304269,Deputado Irapuan Pinheiro - CE,2010,Total,70.8
2304277,Ereré - CE,2010,Total,71.8
2304285,Eusébio - CE,2010,Total,87.8
2304301,Farias Brito - CE,2010,Total,75.1
2304350,Forquilha - CE,2010,Total,76.6
2304400,Fortaleza - CE,2010,Total,93.4
2304459,Fortim - CE,2010,Total,75.9
2304509,Frecheirinha - CE,2010,Total,70.8
2304608,General Sampaio - CE,2010,Total,72.0
2304657,Graça - CE,2010,Total,69.2
2304707,Granja - CE,2010,Total,65.9
2304806,Granjeiro - CE,2010,Total,73.0
2304905,Groaíras - CE,2010,Total,77.3
2304954,Guaiúba - CE,2010,Total,79.3
2305001,Guaraciaba do Norte - CE,2010,Total,75.1
2305100,Guaramiranga - CE,2010,Total,84.5
2305209,Hidrolândia - CE,2010,Total,73.1
2305233,Horizonte - CE,2010,Total,85.8
2305266,Ibaretama - CE,2010,Total,68.8
2305308,Ibiapina - CE,2010,Total,77.6
2305332,Ibicuitinga - CE,2010,Total,73.3
2305357,Icapuí - CE,2010,Total,76.2
2305407,Icó - CE,2010,Total,69.1
2305506,Iguatu - CE,2010,Total,78.6
2305605,Independência - CE,2010,Total,74.2
2305654,Ipaporanga - CE,2010,Total,69.9
2305704,Ipaumirim - CE,2010,Total,74.7
2305803,Ipu - CE,2010,Total,74.5
2305902,Ipueiras - CE,2010,Total,71.5
2306009,Iracema - CE,2010,Total,75.0
2306108,Irauçuba - CE,2010,Total,74.7
2306207,Itaiçaba - CE,2010,Total,79.2
2306256,Itaitinga - CE,2010,Total,84.2
2306306,Itapajé - CE,2010,Total,79.1
2306405,Itapipoca - CE,2010,Total,79.7
2306504,Itapiúna - CE,2010,Total,72.5
2306553,Itarema - CE,2010,Total,76.2
2306603,Itatira - CE,2010,Total,70.9
2306702,Jaguaretama - CE,2010,Total,74.1
2306801,Jaguaribara - CE,2010,Total,76.2
2306900,Jaguaribe - CE,2010,Total,76.6
2307007,Jaguaruana - CE,2010,Total,74.9
2307106,Jardim - CE,2010,Total,76.4
2307205,Jati - CE,2010,Total,76.0
2307254,Jijoca de Jericoacoara - CE,2010,Total,79.3
2307304,Juazeiro do Norte - CE,2010,Total,85.1
2307403,Jucás - CE,2010,Total,72.2
2307502,Lavras da Mangabeira - CE,2010,Total,73.6
2307601,Limoeiro do Norte - CE,2010,Total,82.4
2307635,Madalena - CE,2010,Total,76.8
2307650,Maracanaú - CE,2010,Total,91.0
2307700,Maranguape - CE,2010,Total,86.1
2307809,Marco - CE,2010,Total,74.0
2307908,Martinópole - CE,2010,Total,74.0
2308005,Massapê - CE,2010,Total,74.6
2308104,Mauriti - CE,2010,Total,73.8
2308203,Meruoca - CE,2010,Total,83.4
2308302,Milagres - CE,2010,Total,73.8
2308351,Milhã - CE,2010,Total,73.5
2308377,Miraíma - CE,2010,Total,71.5
2308401,Missão Velha - CE,2010,Total,74.8
2308500,Mombaça - CE,2010,Total,69.2
2308609,Monsenhor Tabosa - CE,2010,Total,73.0
2308708,Morada Nova - CE,2010,Total,74.3
2308807,Moraújo - CE,2010,Total,71.2
2308906,Morrinhos - CE,2010,Total,74.3
2309003,Mucambo - CE,2010,Total,72.3
2309102,Mulungu - CE,2010,Total,79.6
2309201,Nova Olinda - CE,2010,Total,79.1
2309300,Nova Russas - CE,2010,Total,74.0
2309409,Novo Oriente - CE,2010,Total,69.8
2309458,Ocara - CE,2010,Total,73.1
2309508,Orós - CE,2010,Total,72.8
2309607,Pacajus - CE,2010,Total,83.3
2309706,Pacatuba - CE,2010,Total,91.4
2309805,Pacoti - CE,2010,Total,82.2
2309904,Pacujá - CE,2010,Total,74.9
2310001,Palhano - CE,2010,Total,73.9
2310100,Palmácia - CE,2010,Total,78.3
2310209,Paracuru - CE,2010,Total,81.7
2310258,Paraipaba - CE,2010,Total,82.3
2310308,Parambu - CE,2010,Total,68.6
2310407,Paramoti - CE,2010,Total,73.5
2310506,Pedra Branca - CE,2010,Total,69.7
2310605,Penaforte - CE,2010,Total,79.8
2310704,Pentecoste - CE,2010,Total,77.4
2310803,Pereiro - CE,2010,Total,73.6
2310852,Pindoretama - CE,2010,Total,80.2
2310902,Piquet Carneiro - CE,2010,Total,76.2
2310951,Pires Ferreira - CE,2010,Total,73.7
2311009,Poranga - CE,2010,Total,70.3
2311108,Porteiras - CE,2010,Total,73.6
2311207,Potengi - CE,2010,Total,69.0
2311231,Potiretama - CE,2010,Total,72.7
2311264,Quiterianópolis - CE,2010,Total,70.4
2311306,Quixadá - CE,2010,Total,78.9
2311355,Quixelô - CE,2010,Total,66.8
2311405,Quixeramobim - CE,2010,Total,78.1
2311504,Quixeré - CE,2010,Total,76.4
2311603,Redenção - CE,2010,Total,78.3
2311702,Reriutaba - CE,2010,Total,74.0
2311801,Russas - CE,2010,Total,82.2
2311900,Saboeiro - CE,2010,Total,70.5
2311959,Salitre - CE,2010,Total,64.8
2312007,Santana do Acaraú - CE,2010,Total,73.4
2312106,Santana do Cariri - CE,2010,Total,73.9
2312205,Santa Quitéria - CE,2010,Total,75.4
2312304,São Benedito - CE,2010,Total,76.2
2312403,São Gonçalo do Amarante - CE,2010,Total,81.8
2312502,São João do Jaguaribe - CE,2010,Total,76.3
2312601,São Luís do Curu - CE,2010,Total,79.0
2312700,Senador Pompeu - CE,2010,Total,75.2
2312809,Senador Sá - CE,2010,Total,70.7
2312908,Sobral - CE,2010,Total,84.9
2313005,Solonópole - CE,2010,Total,75.9
2313104,Tabuleiro do Norte - CE,2010,Total,79.3
2313203,Tamboril - CE,2010,Total,70.3
2313252,Tarrafas - CE,2010,Total,68.3
2313302,Tauá - CE,2010,Total,75.0
2313351,Tejuçuoca - CE,2010,Total,75.4
2313401,Tianguá - CE,2010,Total,78.5
2313500,Trairi - CE,2010,Total,79.0
2313559,Tururu - CE,2010,Total,74.7
2313609,Ubajara - CE,2010,Total,77.9
2313708,Umari - CE,2010,Total,69.9
2313757,Umirim - CE,2010,Total,74.8
2313807,Uruburetama - CE,2010,Total,79.3
2313906,Uruoca - CE,2010,Total,67.7
2313955,Varjota - CE,2010,Total,76.1
2314003,Várzea Alegre - CE,2010,Total,73.9
2314102,Viçosa do Ceará - CE,2010,Total,72.7
2400109,Acari - RN,2010,Total,83.8
2400208,Açu - RN,2010,Total,79.3
2400307,Afonso Bezerra - RN,2010,Total,71.0
2400406,Água Nova - RN,2010,Total,79.6
2400505,Alexandria - RN,2010,Total,69.0
2400604,Almino Afonso - RN,2010,Total,76.6
2400703,Alto do Rodrigues - RN,2010,Total,81.8
2400802,Angicos - RN,2010,Total,75.5
2400901,Antônio Martins - RN,2010,Total,71.2
2401008,Apodi - RN,2010,Total,77.9
2401107,Areia Branca - RN,2010,Total,84.6
2401206,Arês - RN,2010,Total,76.3
2401305,Campo Grande - RN,2010,Total,73.0
2401404,Baía Formosa - RN,2010,Total,79.2
2401453,Baraúna - RN,2010,Total,74.4
2401503,Barcelona - RN,2010,Total,72.6
2401602,Bento Fernandes - RN,2010,Total,73.9
2401651,Bodó - RN,2010,Total,76.7
2401701,Bom Jesus - RN,2010,Total,70.4
2401800,Brejinho - RN,2010,Total,71.0
2401859,Caiçara do Norte - RN,2010,Total,76.3
2401909,Caiçara do Rio do Vento - RN,2010,Total,76.1
2402006,Caicó - RN,2010,Total,85.8
2402105,Campo Redondo - RN,2010,Total,76.6
2402204,Canguaretama - RN,2010,Total,76.1
2402303,Caraúbas - RN,2010,Total,75.2
2402402,Carnaúba dos Dantas - RN,2010,Total,86.8
2402501,Carnaubais - RN,2010,Total,76.1
2402600,Ceará-Mirim - RN,2010,Total,79.5
2402709,Cerro Corá - RN,2010,Total,75.1
2402808,Coronel Ezequiel - RN,2010,Total,72.9
2402907,Coronel João Pessoa - RN,2010,Total,69.6
2403004,Cruzeta - RN,2010,Total,79.6
2403103,Currais Novos - RN,2010,Total,83.6
2403202,Doutor Severiano - RN,2010,Total,77.6
2403251,Parnamirim - RN,2010,Total,92.4
2403301,Encanto - RN,2010,Total,78.1
2403400,Equador - RN,2010,Total,79.5
2403509,Espírito Santo - RN,2010,Total,64.3
2403608,Extremoz - RN,2010,Total,83.7
2403707,Felipe Guerra - RN,2010,Total,80.0
2403756,Fernando Pedroza - RN,2010,Total,71.8
2403806,Florânia - RN,2010,Total,78.3
2403905,Francisco Dantas - RN,2010,Total,72.6
2404002,Frutuoso Gomes - RN,2010,Total,76.1
2404101,Galinhos - RN,2010,Total,75.3
2404200,Goianinha - RN,2010,Total,78.3
2404309,Governador Dix-Sept Rosado - RN,2010,Total,77.3
2404408,Grossos - RN,2010,Total,75.7
2404507,Guamaré - RN,2010,Total,78.6
2404606,Ielmo Marinho - RN,2010,Total,74.2
2404705,Ipanguaçu - RN,2010,Total,74.0
2404804,Ipueira - RN,2010,Total,77.5
2404853,Itajá - RN,2010,Total,75.7
2404903,Itaú - RN,2010,Total,79.7
2405009,Jaçanã - RN,2010,Total,74.9
2405108,Jandaíra - RN,2010,Total,70.0
2405207,Janduís - RN,2010,Total,74.5
2405306,Januário Cicco - RN,2010,Total,67.4
2405405,Japi - RN,2010,Total,67.3
2405504,Jardim de Angicos - RN,2010,Total,73.3
2405603,Jardim de Piranhas - RN,2010,Total,76.5
2405702,Jardim do Seridó - RN,2010,Total,82.9
2405801,João Câmara - RN,2010,Total,75.0
2405900,João Dias - RN,2010,Total,63.4
2406007,José da Penha - RN,2010,Total,72.6
2406106,Jucurutu - RN,2010,Total,70.9
2406155,Jundiá - RN,2010,Total,66.9
2406205,Lagoa d'Anta - RN,2010,Total,69.4
2406304,Lagoa de Pedras - RN,2010,Total,66.5
2406403,Lagoa de Velhos - RN,2010,Total,75.0
2406502,Lagoa Nova - RN,2010,Total,73.4
2406601,Lagoa Salgada - RN,2010,Total,65.5
2406700,Lajes - RN,2010,Total,74.9
2406809,Lajes Pintadas - RN,2010,Total,74.7
2406908,Lucrécia - RN,2010,Total,77.9
2407005,Luís Gomes - RN,2010,Total,73.2
2407104,Macaíba - RN,2010,Total,79.0
2407203,Macau - RN,2010,Total,82.2
2407252,Major Sales - RN,2010,Total,73.6
2407302,Marcelino Vieira - RN,2010,Total,72.1
2407401,Martins - RN,2010,Total,82.0
2407500,Maxaranguape - RN,2010,Total,80.2
2407609,Messias Targino - RN,2010,Total,69.7
2407708,Montanhas - RN,2010,Total,72.7
2407807,Monte Alegre - RN,2010,Total,73.1
2407906,Monte das Gameleiras - RN,2010,Total,72.2
2408003,Mossoró - RN,2010,Total,87.0
2408102,Natal - RN,2010,Total,92.0
2408201,Nísia Floresta - RN,2010,Total,79.3
2408300,Nova Cruz - RN,2010,Total,70.8
2408409,Olho d'Água do Borges - RN,2010,Total,67.3
2408508,Ouro Branco - RN,2010,Total,80.4
2408607,Paraná - RN,2010,Total,68.2
2408706,Paraú - RN,2010,Total,73.9
2408805,Parazinho - RN,2010,Total,70.5
2408904,Parelhas - RN,2010,Total,84.2
2408953,Rio do Fogo - RN,2010,Total,75.5
2409100,Passa e Fica - RN,2010,Total,70.0
2409209,Passagem - RN,2010,Total,73.9
2409308,Patu - RN,2010,Total,73.9
2409332,Santa Maria - RN,2010,Total,73.4
2409407,Pau dos Ferros - RN,2010,Total,83.0
2409506,Pedra Grande - RN,2010,Total,76.7
2409605,Pedra Preta - RN,2010,Total,77.7
2409704,Pedro Avelino - RN,2010,Total,74.2
2409803,Pedro Velho - RN,2010,Total,70.7
2409902,Pendências - RN,2010,Total,78.6
2410009,Pilões - RN,2010,Total,72.2
2410108,Poço Branco - RN,2010,Total,72.2
2410207,Portalegre - RN,2010,Total,77.9
2410256,Porto do Mangue - RN,2010,Total,73.7
2410306,Serra Caiada - RN,2010,Total,70.1
2410405,Pureza - RN,2010,Total,74.3
2410504,Rafael Fernandes - RN,2010,Total,77.2
2410603,Rafael Godeiro - RN,2010,Total,76.9
2410702,Riacho da Cruz - RN,2010,Total,75.6
2410801,Riacho de Santana - RN,2010,Total,74.8
2410900,Riachuelo - RN,2010,Total,72.2
2411007,Rodolfo Fernandes - RN,2010,Total,72.0
2411056,Tibau - RN,2010,Total,79.0
2411106,Ruy Barbosa - RN,2010,Total,71.5
2411205,Santa Cruz - RN,2010,Total,77.9
2411403,Santana do Matos - RN,2010,Total,73.1
2411429,Santana do Seridó - RN,2010,Total,81.8
2411502,Santo Antônio - RN,2010,Total,72.1
2411601,São Bento do Norte - RN,2010,Total,69.6
2411700,São Bento do Trairí - RN,2010,Total,74.6
2411809,São Fernando - RN,2010,Total,74.8
2411908,São Francisco do Oeste - RN,2010,Total,74.8
2412005,São Gonçalo do Amarante - RN,2010,Total,86.1
2412104,São João do Sabugi - RN,2010,Total,80.9
2412203,São José de Mipibu - RN,2010,Total,77.1
2412302,São José do Campestre - RN,2010,Total,73.5
2412401,São José do Seridó - RN,2010,Total,85.2
2412500,São Miguel - RN,2010,Total,72.8
2412559,São Miguel do Gostoso - RN,2010,Total,73.4
2412609,São Paulo do Potengi - RN,2010,Total,76.6
2412708,São Pedro - RN,2010,Total,71.8
2412807,São Rafael - RN,2010,Total,70.6
2412906,São Tomé - RN,2010,Total,71.6
2413003,São Vicente - RN,2010,Total,78.5
2413102,Senador Elói de Souza - RN,2010,Total,71.9
2413201,Senador Georgino Avelino - RN,2010,Total,74.4
2413300,Serra de São Bento - RN,2010,Total,65.4
2413359,Serra do Mel - RN,2010,Total,76.8
2413409,Serra Negra do Norte - RN,2010,Total,76.4
2413508,Serrinha - RN,2010,Total,71.9
2413557,Serrinha dos Pintos - RN,2010,Total,75.3
2413607,Severiano Melo - RN,2010,Total,73.8
2413706,Sítio Novo - RN,2010,Total,71.3
2413805,Taboleiro Grande - RN,2010,Total,78.5
2413904,Taipu - RN,2010,Total,67.9
2414001,Tangará - RN,2010,Total,76.0
2414100,Tenente Ananias - RN,2010,Total,75.2
2414159,Tenente Laurentino Cruz - RN,2010,Total,80.1
2414209,Tibau do Sul - RN,2010,Total,79.7
2414308,Timbaúba dos Batistas - RN,2010,Total,78.8
2414407,Touros - RN,2010,Total,73.0
2414456,Triunfo Potiguar - RN,2010,Total,72.4
2414506,Umarizal - RN,2010,Total,76.3
2414605,Upanema - RN,2010,Total,73.8
2414704,Várzea - RN,2010,Total,71.4
2414753,Venha-Ver - RN,2010,Total,70.9
2414803,Vera Cruz - RN,2010,Total,71.0
2414902,Viçosa - RN,2010,Total,80.0
2415008,Vila Flor - RN,2010,Total,77.8
2500106,Água Branca - PB,2010,Total,76.8
2500205,Aguiar - PB,2010,Total,65.4
2500304,Alagoa Grande - PB,2010,Total,68.4
2500403,Alagoa Nova - PB,2010,Total,74.2
2500502,Alagoinha - PB,2010,Total,68.2
2500536,Alcantil - PB,2010,Total,72.2
2500577,Algodão de Jandaíra - PB,2010,Total,70.6
2500601,Alhandra - PB,2010,Total,76.1
2500700,São João do Rio do Peixe - PB,2010,Total,74.5
2500734,Amparo - PB,2010,Total,80.2
2500775,Aparecida - PB,2010,Total,72.9
2500809,Araçagi - PB,2010,Total,64.7
2500908,Arara - PB,2010,Total,64.8
2501005,Araruna - PB,2010,Total,64.0
2501104,Areia - PB,2010,Total,72.9
2501153,Areia de Baraúnas - PB,2010,Total,70.3
2501203,Areial - PB,2010,Total,75.9
2501302,Aroeiras - PB,2010,Total,67.6
2501351,Assunção - PB,2010,Total,76.3
2501401,Baía da Traição - PB,2010,Total,77.3
2501500,Bananeiras - PB,2010,Total,68.2
2501534,Baraúna - PB,2010,Total,74.4
2501575,Barra de Santana - PB,2010,Total,72.4
2501609,Barra de Santa Rosa - PB,2010,Total,66.2
2501708,Barra de São Miguel - PB,2010,Total,78.5
2501807,Bayeux - PB,2010,Total,85.7
2501906,Belém - PB,2010,Total,68.8
2502003,Belém do Brejo do Cruz - PB,2010,Total,65.0
2502052,Bernardino Batista - PB,2010,Total,72.8
2502102,Boa Ventura - PB,2010,Total,72.7
2502151,Boa Vista - PB,2010,Total,85.3
2502201,Bom Jesus - PB,2010,Total,77.6
2502300,Bom Sucesso - PB,2010,Total,71.6
2502409,Bonito de Santa Fé - PB,2010,Total,72.8
2502508,Boqueirão - PB,2010,Total,78.0
2502607,Igaracy - PB,2010,Total,70.9
2502706,Borborema - PB,2010,Total,70.8
2502805,Brejo do Cruz - PB,2010,Total,71.0
2502904,Brejo dos Santos - PB,2010,Total,74.2
2503001,Caaporã - PB,2010,Total,78.1
2503100,Cabaceiras - PB,2010,Total,83.6
2503209,Cabedelo - PB,2010,Total,90.0
2503308,Cachoeira dos Índios - PB,2010,Total,74.8
2503407,Cacimba de Areia - PB,2010,Total,75.3
2503506,Cacimba de Dentro - PB,2010,Total,65.4
2503555,Cacimbas - PB,2010,Total,67.9
2503605,Caiçara - PB,2010,Total,68.7
2503704,Cajazeiras - PB,2010,Total,82.1
2503753,Cajazeirinhas - PB,2010,Total,68.6
2503803,Caldas Brandão - PB,2010,Total,67.0
2503902,Camalaú - PB,2010,Total,73.3
2504009,Campina Grande - PB,2010,Total,89.1
2504033,Capim - PB,2010,Total,63.7
2504074,Caraúbas - PB,2010,Total,82.5
2504108,Carrapateira - PB,2010,Total,75.3
2504157,Casserengue - PB,2010,Total,63.4
2504207,Catingueira - PB,2010,Total,67.5
2504306,Catolé do Rocha - PB,2010,Total,78.7
2504355,Caturité - PB,2010,Total,79.8
2504405,Conceição - PB,2010,Total,69.3
2504504,Condado - PB,2010,Total,72.4
2504603,Conde - PB,2010,Total,78.8
2504702,Congo - PB,2010,Total,73.6
2504801,Coremas - PB,2010,Total,69.4
2504850,Coxixola - PB,2010,Total,80.6
2504900,Cruz do Espírito Santo - PB,2010,Total,69.9
2505006,Cubati - PB,2010,Total,74.7
2505105,Cuité - PB,2010,Total,71.1
2505204,Cuitegi - PB,2010,Total,69.2
2505238,Cuité de Mamanguape - PB,2010,Total,62.1
2505279,Curral de Cima - PB,2010,Total,63.4
2505303,Curral Velho - PB,2010,Total,67.7
2505352,Damião - PB,2010,Total,64.5
2505402,Desterro - PB,2010,Total,77.4
2505501,Vista Serrana - PB,2010,Total,76.6
2505600,Diamante - PB,2010,Total,72.1
2505709,Dona Inês - PB,2010,Total,65.7
2505808,Duas Estradas - PB,2010,Total,72.5
2505907,Emas - PB,2010,Total,72.6
2506004,Esperança - PB,2010,Total,76.4
2506103,Fagundes - PB,2010,Total,70.8
2506202,Frei Martinho - PB,2010,Total,72.7
2506251,Gado Bravo - PB,2010,Total,70.2
2506301,Guarabira - PB,2010,Total,81.4
2506400,Gurinhém - PB,2010,Total,65.4
2506509,Gurjão - PB,2010,Total,80.6
2506608,Ibiara - PB,2010,Total,65.1
2506707,Imaculada - PB,2010,Total,72.4
2506806,Ingá - PB,2010,Total,66.4
2506905,Itabaiana - PB,2010,Total,74.5
2507002,Itaporanga - PB,2010,Total,78.9
2507101,Itapororoca - PB,2010,Total,69.2
2507200,Itatuba - PB,2010,Total,65.1
2507309,Jacaraú - PB,2010,Total,70.2
2507408,Jericó - PB,2010,Total,73.7
2507507,João Pessoa - PB,2010,Total,92.4
2507606,Juarez Távora - PB,2010,Total,67.5
2507705,Juazeirinho - PB,2010,Total,76.3
2507804,Junco do Seridó - PB,2010,Total,79.8
2507903,Juripiranga - PB,2010,Total,68.5
2508000,Juru - PB,2010,Total,70.0
2508109,Lagoa - PB,2010,Total,68.7
2508208,Lagoa de Dentro - PB,2010,Total,71.5
2508307,Lagoa Seca - PB,2010,Total,80.5
2508406,Lastro - PB,2010,Total,71.5
2508505,Livramento - PB,2010,Total,79.3
2508554,Logradouro - PB,2010,Total,68.9
2508604,Lucena - PB,2010,Total,76.7
2508703,Mãe d'Água - PB,2010,Total,72.0
2508802,Malta - PB,2010,Total,74.3
2508901,Mamanguape - PB,2010,Total,74.1
2509008,Manaíra - PB,2010,Total,67.2
2509057,Marcação - PB,2010,Total,68.9
2509107,Mari - PB,2010,Total,67.9
2509156,Marizópolis - PB,2010,Total,75.3
2509206,Massaranduba - PB,2010,Total,72.4
2509305,Mataraca - PB,2010,Total,76.0
2509339,Matinhas - PB,2010,Total,71.7
2509370,Mato Grosso - PB,2010,Total,62.6
2509396,Maturéia - PB,2010,Total,74.9
2509404,Mogeiro - PB,2010,Total,70.8
2509503,Montadas - PB,2010,Total,77.2
2509602,Monte Horebe - PB,2010,Total,73.0
2509701,Monteiro - PB,2010,Total,75.1
2509800,Mulungu - PB,2010,Total,67.3
2509909,Natuba - PB,2010,Total,64.9
2510006,Nazarezinho - PB,2010,Total,71.2
2510105,Nova Floresta - PB,2010,Total,74.1
2510204,Nova Olinda - PB,2010,Total,71.2
2510303,Nova Palmeira - PB,2010,Total,77.8
2510402,Olho d'Água - PB,2010,Total,69.8
2510501,Olivedos - PB,2010,Total,82.5
2510600,Ouro Velho - PB,2010,Total,79.1
2510659,Parari - PB,2010,Total,80.9
2510709,Passagem - PB,2010,Total,73.1
2510808,Patos - PB,2010,Total,82.9
2510907,Paulista - PB,2010,Total,70.6
2511004,Pedra Branca - PB,2010,Total,77.1
2511103,Pedra Lavrada - PB,2010,Total,74.6
2511202,Pedras de Fogo - PB,2010,Total,72.3
2511301,Piancó - PB,2010,Total,73.0
2511400,Picuí - PB,2010,Total,77.9
2511509,Pilar - PB,2010,Total,71.1
2511608,Pilões - PB,2010,Total,67.0
2511707,Pilõezinhos - PB,2010,Total,70.3
2511806,Pirpirituba - PB,2010,Total,72.6
2511905,Pitimbu - PB,2010,Total,74.6
2512002,Pocinhos - PB,2010,Total,77.3
2512036,Poço Dantas - PB,2010,Total,66.3
2512077,Poço de José de Moura - PB,2010,Total,75.4
2512101,Pombal - PB,2010,Total,76.0
2512200,Prata - PB,2010,Total,78.4
2512309,Princesa Isabel - PB,2010,Total,77.0
2512408,Puxinanã - PB,2010,Total,80.4
2512507,Queimadas - PB,2010,Total,79.5
2512606,Quixaba - PB,2010,Total,76.4
2512705,Remígio - PB,2010,Total,72.0
2512721,Pedro Régis - PB,2010,Total,61.3
2512747,Riachão - PB,2010,Total,72.4
2512754,Riachão do Bacamarte - PB,2010,Total,66.7
2512762,Riachão do Poço - PB,2010,Total,69.4
2512788,Riacho de Santo Antônio - PB,2010,Total,78.5
2512804,Riacho dos Cavalos - PB,2010,Total,70.1
2512903,Rio Tinto - PB,2010,Total,75.0
2513000,Salgadinho - PB,2010,Total,70.2
2513109,Salgado de São Félix - PB,2010,Total,65.9
2513158,Santa Cecília - PB,2010,Total,68.6
2513208,Santa Cruz - PB,2010,Total,73.9
2513307,Santa Helena - PB,2010,Total,76.3
2513356,Santa Inês - PB,2010,Total,70.8
2513406,Santa Luzia - PB,2010,Total,81.5
2513505,Santana de Mangueira - PB,2010,Total,66.7
2513604,Santana dos Garrotes - PB,2010,Total,67.7
2513653,Joca Claudino - PB,2010,Total,66.8
2513703,Santa Rita - PB,2010,Total,81.0
2513802,Santa Teresinha - PB,2010,Total,75.9
2513851,Santo André - PB,2010,Total,74.9
2513901,São Bento - PB,2010,Total,69.0
2513927,São Bentinho - PB,2010,Total,70.2
2513943,São Domingos do Cariri - PB,2010,Total,78.3
2513968,São Domingos - PB,2010,Total,64.4
2513984,São Francisco - PB,2010,Total,70.7
2514008,São João do Cariri - PB,2010,Total,82.6
2514107,São João do Tigre - PB,2010,Total,67.8
2514206,São José da Lagoa Tapada - PB,2010,Total,60.9
2514305,São José de Caiana - PB,2010,Total,70.4
2514404,São José de Espinharas - PB,2010,Total,70.5
2514453,São José dos Ramos - PB,2010,Total,65.3
2514503,São José de Piranhas - PB,2010,Total,77.3
2514552,São José de Princesa - PB,2010,Total,72.1
2514602,São José do Bonfim - PB,2010,Total,75.7
2514651,São José do Brejo do Cruz - PB,2010,Total,75.0
2514701,São José do Sabugi - PB,2010,Total,75.0
2514800,São José dos Cordeiros - PB,2010,Total,79.4
2514909,São Mamede - PB,2010,Total,77.3
2515005,São Miguel de Taipu - PB,2010,Total,62.5
2515104,São Sebastião de Lagoa de Roça - PB,2010,Total,76.4
2515203,São Sebastião do Umbuzeiro - PB,2010,Total,77.2
2515302,Sapé - PB,2010,Total,71.7
2515401,São Vicente do Seridó - PB,2010,Total,79.8
2515500,Serra Branca - PB,2010,Total,81.8
2515609,Serra da Raiz - PB,2010,Total,71.7
2515708,Serra Grande - PB,2010,Total,71.5
2515807,Serra Redonda - PB,2010,Total,71.1
2515906,Serraria - PB,2010,Total,63.0
2515930,Sertãozinho - PB,2010,Total,74.4
2515971,Sobrado - PB,2010,Total,69.9
2516003,Solânea - PB,2010,Total,71.5
2516102,Soledade - PB,2010,Total,81.5
2516151,Sossêgo - PB,2010,Total,71.7
2516201,Sousa - PB,2010,Total,79.3
2516300,Sumé - PB,2010,Total,76.3
2516409,Tacima - PB,2010,Total,72.1
2516508,Taperoá - PB,2010,Total,74.4
2516607,Tavares - PB,2010,Total,71.9
2516706,Teixeira - PB,2010,Total,78.1
2516755,Tenório - PB,2010,Total,72.6
2516805,Triunfo - PB,2010,Total,73.9
2516904,Uiraúna - PB,2010,Total,75.2
2517001,Umbuzeiro - PB,2010,Total,68.4
2517100,Várzea - PB,2010,Total,87.7
2517209,Vieirópolis - PB,2010,Total,65.1
2517407,Zabelê - PB,2010,Total,79.1
2600054,Abreu e Lima - PE,2010,Total,90.5
2600104,Afogados da Ingazeira - PE,2010,Total,79.0
2600203,Afrânio - PE,2010,Total,77.3
2600302,Agrestina - PE,2010,Total,70.6
2600401,Água Preta - PE,2010,Total,71.9
2600500,Águas Belas - PE,2010,Total,62.5
2600609,Alagoinha - PE,2010,Total,75.2
2600708,Aliança - PE,2010,Total,74.8
2600807,Altinho - PE,2010,Total,68.5
2600906,Amaraji - PE,2010,Total,71.7
2601003,Angelim - PE,2010,Total,69.5
2601052,Araçoiaba - PE,2010,Total,78.2
2601102,Araripina - PE,2010,Total,76.9
2601201,Arcoverde - PE,2010,Total,83.8
2601300,Barra de Guabiraba - PE,2010,Total,68.5
2601409,Barreiros - PE,2010,Total,77.8
2601508,Belém de Maria - PE,2010,Total,71.2
2601607,Belém do São Francisco - PE,2010,Total,80.1
2601706,Belo Jardim - PE,2010,Total,77.2
2601805,Betânia - PE,2010,Total,69.5
2601904,Bezerros - PE,2010,Total,74.3
2602001,Bodocó - PE,2010,Total,72.9
2602100,Bom Conselho - PE,2010,Total,68.8
2602209,Bom Jardim - PE,2010,Total,72.9
2602308,Bonito - PE,2010,Total,71.4
2602407,Brejão - PE,2010,Total,71.0
2602506,Brejinho - PE,2010,Total,77.0
2602605,Brejo da Madre de Deus - PE,2010,Total,70.5
2602704,Buenos Aires - PE,2010,Total,74.2
2602803,Buíque - PE,2010,Total,63.4
2602902,Cabo de Santo Agostinho - PE,2010,Total,87.8
2603009,Cabrobó - PE,2010,Total,78.4
2603108,Cachoeirinha - PE,2010,Total,70.6
2603207,Caetés - PE,2010,Total,65.5
2603306,Calçado - PE,2010,Total,70.9
2603405,Calumbi - PE,2010,Total,70.2
2603454,Camaragibe - PE,2010,Total,89.7
2603504,Camocim de São Félix - PE,2010,Total,71.2
2603603,Camutanga - PE,2010,Total,75.7
2603702,Canhotinho - PE,2010,Total,67.1
2603801,Capoeiras - PE,2010,Total,71.5
2603900,Carnaíba - PE,2010,Total,75.9
2603926,Carnaubeira da Penha - PE,2010,Total,74.7
2604007,Carpina - PE,2010,Total,85.1
2604106,Caruaru - PE,2010,Total,85.5
2604155,Casinhas - PE,2010,Total,71.8
2604205,Catende - PE,2010,Total,74.9
2604304,Cedro - PE,2010,Total,79.9
2604403,Chã de Alegria - PE,2010,Total,77.6
2604502,Chã Grande - PE,2010,Total,72.3
2604601,Condado - PE,2010,Total,75.1
2604700,Correntes - PE,2010,Total,70.3
2604809,Cortês - PE,2010,Total,74.1
2604908,Cumaru - PE,2010,Total,70.9
2605004,Cupira - PE,2010,Total,72.0
2605103,Custódia - PE,2010,Total,74.9
2605152,Dormentes - PE,2010,Total,76.6
2605202,Escada - PE,2010,Total,79.9
2605301,Exu - PE,2010,Total,77.1
2605400,Feira Nova - PE,2010,Total,73.7
2605459,Fernando de Noronha - PE,2010,Total,95.1
2605509,Ferreiros - PE,2010,Total,73.9
2605608,Flores - PE,2010,Total,70.0
2605707,Floresta - PE,2010,Total,83.1
2605806,Frei Miguelinho - PE,2010,Total,71.1
2605905,Gameleira - PE,2010,Total,76.0
2606002,Garanhuns - PE,2010,Total,83.8
2606101,Glória do Goitá - PE,2010,Total,72.7
2606200,Goiana - PE,2010,Total,82.5
2606309,Granito - PE,2010,Total,75.3
2606408,Gravatá - PE,2010,Total,79.5
2606507,Iati - PE,2010,Total,64.2
2606606,Ibimirim - PE,2010,Total,70.5
2606705,Ibirajuba - PE,2010,Total,68.4
2606804,Igarassu - PE,2010,Total,86.8
2606903,Iguaracy - PE,2010,Total,74.3
2607000,Inajá - PE,2010,Total,64.7
2607109,Ingazeira - PE,2010,Total,75.6
2607208,Ipojuca - PE,2010,Total,80.8
2607307,Ipubi - PE,2010,Total,73.1
2607406,Itacuruba - PE,2010,Total,80.5
2607505,Itaíba - PE,2010,Total,63.6
2607604,Ilha de Itamaracá - PE,2010,Total,85.8
2607653,Itambé - PE,2010,Total,72.3
2607703,Itapetim - PE,2010,Total,76.4
2607752,Itapissuma - PE,2010,Total,83.1
2607802,Itaquitinga - PE,2010,Total,74.4
2607901,Jaboatão dos Guararapes - PE,2010,Total,91.4
2607950,Jaqueira - PE,2010,Total,70.6
2608008,Jataúba - PE,2010,Total,68.5
2608057,Jatobá - PE,2010,Total,78.9
2608107,João Alfredo - PE,2010,Total,67.5
2608206,Joaquim Nabuco - PE,2010,Total,73.0
2608255,Jucati - PE,2010,Total,70.8
2608305,Jupi - PE,2010,Total,70.8
2608404,Jurema - PE,2010,Total,66.4
2608453,Lagoa do Carro - PE,2010,Total,78.2
2608503,Lagoa de Itaenga - PE,2010,Total,76.1
2608602,Lagoa do Ouro - PE,2010,Total,63.7
2608701,Lagoa dos Gatos - PE,2010,Total,65.0
2608750,Lagoa Grande - PE,2010,Total,78.0
2608800,Lajedo - PE,2010,Total,76.1
2608909,Limoeiro - PE,2010,Total,81.8
2609006,Macaparana - PE,2010,Total,71.4
2609105,Machados - PE,2010,Total,72.8
2609154,Manari - PE,2010,Total,63.6
2609204,Maraial - PE,2010,Total,68.0
2609303,Mirandiba - PE,2010,Total,77.8
2609402,Moreno - PE,2010,Total,84.3
2609501,Nazaré da Mata - PE,2010,Total,82.1
2609600,Olinda - PE,2010,Total,93.3
2609709,Orobó - PE,2010,Total,73.3
2609808,Orocó - PE,2010,Total,78.3
2609907,Ouricuri - PE,2010,Total,73.1
2610004,Palmares - PE,2010,Total,80.2
2610103,Palmeirina - PE,2010,Total,70.3
2610202,Panelas - PE,2010,Total,66.4
2610301,Paranatama - PE,2010,Total,66.4
2610400,Parnamirim - PE,2010,Total,77.5
2610509,Passira - PE,2010,Total,71.0
2610608,Paudalho - PE,2010,Total,80.6
2610707,Paulista - PE,2010,Total,94.1
2610806,Pedra - PE,2010,Total,69.8
2610905,Pesqueira - PE,2010,Total,76.6
2611002,Petrolândia - PE,2010,Total,83.2
2611101,Petrolina - PE,2010,Total,88.9
2611200,Poção - PE,2010,Total,69.5
2611309,Pombos - PE,2010,Total,73.7
2611408,Primavera - PE,2010,Total,73.8
2611507,Quipapá - PE,2010,Total,67.6
2611533,Quixaba - PE,2010,Total,75.0
2611606,Recife - PE,2010,Total,93.2
2611705,Riacho das Almas - PE,2010,Total,68.6
2611804,Ribeirão - PE,2010,Total,78.7
2611903,Rio Formoso - PE,2010,Total,79.4
2612000,Sairé - PE,2010,Total,70.0
2612109,Salgadinho - PE,2010,Total,60.1
2612208,Salgueiro - PE,2010,Total,85.0
2612307,Saloá - PE,2010,Total,68.1
2612406,Sanharó - PE,2010,Total,77.1
2612455,Santa Cruz - PE,2010,Total,70.4
2612471,Santa Cruz da Baixa Verde - PE,2010,Total,76.4
2612505,Santa Cruz do Capibaribe - PE,2010,Total,85.2
2612554,Santa Filomena - PE,2010,Total,71.1
2612604,Santa Maria da Boa Vista - PE,2010,Total,80.4
2612703,Santa Maria do Cambucá - PE,2010,Total,68.5
2612802,Santa Terezinha - PE,2010,Total,77.6
2612901,São Benedito do Sul - PE,2010,Total,69.0
2613008,São Bento do Una - PE,2010,Total,73.0
2613107,São Caitano - PE,2010,Total,73.5
2613206,São João - PE,2010,Total,70.6
2613305,São Joaquim do Monte - PE,2010,Total,68.4
2613404,São José da Coroa Grande - PE,2010,Total,77.8
2613503,São José do Belmonte - PE,2010,Total,74.2
2613602,São José do Egito - PE,2010,Total,79.8
2613701,São Lourenço da Mata - PE,2010,Total,85.1
2613800,São Vicente Férrer - PE,2010,Total,72.2
2613909,Serra Talhada - PE,2010,Total,80.3
2614006,Serrita - PE,2010,Total,76.2
2614105,Sertânia - PE,2010,Total,75.3
2614204,Sirinhaém - PE,2010,Total,76.4
2614303,Moreilândia - PE,2010,Total,77.3
2614402,Solidão - PE,2010,Total,76.9
2614501,Surubim - PE,2010,Total,77.3
2614600,Tabira - PE,2010,Total,78.7
2614709,Tacaimbó - PE,2010,Total,66.5
2614808,Tacaratu - PE,2010,Total,77.1
2614857,Tamandaré - PE,2010,Total,78.8
2615003,Taquaritinga do Norte - PE,2010,Total,79.2
2615102,Terezinha - PE,2010,Total,66.6
2615201,Terra Nova - PE,2010,Total,81.0
2615300,Timbaúba - PE,2010,Total,80.3
2615409,Toritama - PE,2010,Total,80.9
2615508,Tracunhaém - PE,2010,Total,76.8
2615607,Trindade - PE,2010,Total,77.1
2615706,Triunfo - PE,2010,Total,84.6
2615805,Tupanatinga - PE,2010,Total,65.9
2615904,Tuparetama - PE,2010,Total,80.6
2616001,Venturosa - PE,2010,Total,74.3
2616100,Verdejante - PE,2010,Total,76.0
2616183,Vertente do Lério - PE,2010,Total,70.2
2616209,Vertentes - PE,2010,Total,77.6
2616308,Vicência - PE,2010,Total,78.6
2616407,Vitória de Santo Antão - PE,2010,Total,79.7
2616506,Xexéu - PE,2010,Total,69.9
2700102,Água Branca - AL,2010,Total,72.1
2700201,Anadia - AL,2010,Total,67.1
2700300,Arapiraca - AL,2010,Total,79.4
2700409,Atalaia - AL,2010,Total,69.3
2700508,Barra de Santo Antônio - AL,2010,Total,74.4
2700607,Barra de São Miguel - AL,2010,Total,78.0
2700706,Batalha - AL,2010,Total,72.3
2700805,Belém - AL,2010,Total,69.6
2700904,Belo Monte - AL,2010,Total,65.8
2701001,Boca da Mata - AL,2010,Total,75.6
2701100,Branquinha - AL,2010,Total,62.3
2701209,Cacimbinhas - AL,2010,Total,62.9
2701308,Cajueiro - AL,2010,Total,69.0
2701357,Campestre - AL,2010,Total,70.2
2701407,Campo Alegre - AL,2010,Total,75.5
2701506,Campo Grande - AL,2010,Total,64.3
2701605,Canapi - AL,2010,Total,64.0
2701704,Capela - AL,2010,Total,71.4
2701803,Carneiros - AL,2010,Total,72.5
2701902,Chã Preta - AL,2010,Total,68.2
2702009,Coité do Nóia - AL,2010,Total,65.2
2702108,Colônia Leopoldina - AL,2010,Total,68.0
2702207,Coqueiro Seco - AL,2010,Total,73.7
2702306,Coruripe - AL,2010,Total,78.8
2702355,Craíbas - AL,2010,Total,64.2
2702405,Delmiro Gouveia - AL,2010,Total,78.1
2702504,Dois Riachos - AL,2010,Total,64.1
2702553,Estrela de Alagoas - AL,2010,Total,62.9
2702603,Feira Grande - AL,2010,Total,64.7
2702702,Feliz Deserto - AL,2010,Total,69.9
2702801,Flexeiras - AL,2010,Total,71.1
2702900,Girau do Ponciano - AL,2010,Total,67.4
2703007,Ibateguara - AL,2010,Total,65.9
2703106,Igaci - AL,2010,Total,64.9
2703205,Igreja Nova - AL,2010,Total,66.0
2703304,Inhapi - AL,2010,Total,63.7
2703403,Jacaré dos Homens - AL,2010,Total,74.3
2703502,Jacuípe - AL,2010,Total,72.3
2703601,Japaratinga - AL,2010,Total,72.6
2703700,Jaramataia - AL,2010,Total,64.6
2703759,Jequiá da Praia - AL,2010,Total,75.0
2703809,Joaquim Gomes - AL,2010,Total,63.7
2703908,Jundiá - AL,2010,Total,69.7
2704005,Junqueiro - AL,2010,Total,71.0
2704104,Lagoa da Canoa - AL,2010,Total,64.3
2704203,Limoeiro de Anadia - AL,2010,Total,68.1
2704302,Maceió - AL,2010,Total,88.7
2704401,Major Isidoro - AL,2010,Total,67.3
2704500,Maragogi - AL,2010,Total,72.7
2704609,Maravilha - AL,2010,Total,72.4
2704708,Marechal Deodoro - AL,2010,Total,79.7
2704807,Maribondo - AL,2010,Total,73.0
2704906,Mar Vermelho - AL,2010,Total,73.1
2705002,Mata Grande - AL,2010,Total,64.2
2705101,Matriz de Camaragibe - AL,2010,Total,71.5
2705200,Messias - AL,2010,Total,73.1
2705309,Minador do Negrão - AL,2010,Total,59.5
2705408,Monteirópolis - AL,2010,Total,66.1
2705507,Murici - AL,2010,Total,72.1
2705606,Novo Lino - AL,2010,Total,67.0
2705705,Olho d'Água das Flores - AL,2010,Total,73.1
2705804,Olho d'Água do Casado - AL,2010,Total,67.3
2705903,Olho d'Água Grande - AL,2010,Total,61.3
2706000,Olivença - AL,2010,Total,67.3
2706109,Ouro Branco - AL,2010,Total,71.8
2706208,Palestina - AL,2010,Total,69.1
2706307,Palmeira dos Índios - AL,2010,Total,77.2
2706406,Pão de Açúcar - AL,2010,Total,71.8
2706422,Pariconha - AL,2010,Total,71.2
2706448,Paripueira - AL,2010,Total,77.2
2706505,Passo de Camaragibe - AL,2010,Total,70.8
2706604,Paulo Jacinto - AL,2010,Total,71.0
2706703,Penedo - AL,2010,Total,79.1
2706802,Piaçabuçu - AL,2010,Total,71.0
2706901,Pilar - AL,2010,Total,77.3
2707008,Pindoba - AL,2010,Total,67.3
2707107,Piranhas - AL,2010,Total,72.5
2707206,Poço das Trincheiras - AL,2010,Total,69.7
2707305,Porto Calvo - AL,2010,Total,74.1
2707404,Porto de Pedras - AL,2010,Total,70.2
2707503,Porto Real do Colégio - AL,2010,Total,68.1
2707602,Quebrangulo - AL,2010,Total,71.2
2707701,Rio Largo - AL,2010,Total,82.9
2707800,Roteiro - AL,2010,Total,66.2
2707909,Santa Luzia do Norte - AL,2010,Total,79.0
2708006,Santana do Ipanema - AL,2010,Total,73.3
2708105,Santana do Mundaú - AL,2010,Total,65.3
2708204,São Brás - AL,2010,Total,69.0
2708303,São José da Laje - AL,2010,Total,72.2
2708402,São José da Tapera - AL,2010,Total,67.0
2708501,São Luís do Quitunde - AL,2010,Total,68.9
2708600,São Miguel dos Campos - AL,2010,Total,80.6
2708709,São Miguel dos Milagres - AL,2010,Total,73.7
2708808,São Sebastião - AL,2010,Total,66.3
2708907,Satuba - AL,2010,Total,82.6
2708956,Senador Rui Palmeira - AL,2010,Total,66.8
2709004,Tanque d'Arca - AL,2010,Total,65.2
2709103,Taquarana - AL,2010,Total,66.0
2709152,Teotônio Vilela - AL,2010,Total,74.4
2709202,Traipu - AL,2010,Total,60.0
2709301,União dos Palmares - AL,2010,Total,70.9
2709400,Viçosa - AL,2010,Total,69.4
2800100,Amparo do São Francisco - SE,2010,Total,78.7
2800209,Aquidabã - SE,2010,Total,72.8
2800308,Aracaju - SE,2010,Total,93.7
2800407,Arauá - SE,2010,Total,75.2
2800506,Areia Branca - SE,2010,Total,77.9
2800605,Barra dos Coqueiros - SE,2010,Total,87.7
2800670,Boquim - SE,2010,Total,78.1
2800704,Brejo Grande - SE,2010,Total,71.7
2801009,Campo do Brito - SE,2010,Total,74.8
2801108,Canhoba - SE,2010,Total,69.8
2801207,Canindé de São Francisco - SE,2010,Total,73.2
2801306,Capela - SE,2010,Total,77.2
2801405,Carira - SE,2010,Total,68.4
2801504,Carmópolis - SE,2010,Total,86.4
2801603,Cedro de São João - SE,2010,Total,80.3
2801702,Cristinápolis - SE,2010,Total,72.8
2801900,Cumbe - SE,2010,Total,76.2
2802007,Divina Pastora - SE,2010,Total,79.1
2802106,Estância - SE,2010,Total,83.4
2802205,Feira Nova - SE,2010,Total,72.6
2802304,Frei Paulo - SE,2010,Total,75.8
2802403,Gararu - SE,2010,Total,72.1
2802502,General Maynard - SE,2010,Total,86.1
2802601,Graccho Cardoso - SE,2010,Total,72.9
2802700,Ilha das Flores - SE,2010,Total,76.3
2802809,Indiaroba - SE,2010,Total,75.6
2802908,Itabaiana - SE,2010,Total,80.3
2803005,Itabaianinha - SE,2010,Total,73.1
2803104,Itabi - SE,2010,Total,71.9
2803203,Itaporanga d'Ajuda - SE,2010,Total,77.5
2803302,Japaratuba - SE,2010,Total,81.5
2803401,Japoatã - SE,2010,Total,71.5
2803500,Lagarto - SE,2010,Total,77.2
2803609,Laranjeiras - SE,2010,Total,85.7
2803708,Macambira - SE,2010,Total,71.7
2803807,Malhada dos Bois - SE,2010,Total,78.5
2803906,Malhador - SE,2010,Total,77.7
2804003,Maruim - SE,2010,Total,83.7
2804102,Moita Bonita - SE,2010,Total,75.9
2804201,Monte Alegre de Sergipe - SE,2010,Total,69.0
2804300,Muribeca - SE,2010,Total,77.4
2804409,Neópolis - SE,2010,Total,78.8
2804458,Nossa Senhora Aparecida - SE,2010,Total,66.0
2804508,Nossa Senhora da Glória - SE,2010,Total,75.8
2804607,Nossa Senhora das Dores - SE,2010,Total,74.1
2804706,Nossa Senhora de Lourdes - SE,2010,Total,73.9
2804805,Nossa Senhora do Socorro - SE,2010,Total,90.1
2804904,Pacatuba - SE,2010,Total,72.8
2805000,Pedra Mole - SE,2010,Total,74.8
2805109,Pedrinhas - SE,2010,Total,75.8
2805208,Pinhão - SE,2010,Total,72.7
2805307,Pirambu - SE,2010,Total,81.9
2805406,Poço Redondo - SE,2010,Total,67.8
2805505,Poço Verde - SE,2010,Total,73.2
2805604,Porto da Folha - SE,2010,Total,71.5
2805703,Propriá - SE,2010,Total,82.8
2805802,Riachão do Dantas - SE,2010,Total,73.4
2805901,Riachuelo - SE,2010,Total,84.5
2806008,Ribeirópolis - SE,2010,Total,74.1
2806107,Rosário do Catete - SE,2010,Total,87.0
2806206,Salgado - SE,2010,Total,75.0
2806305,Santa Luzia do Itanhy - SE,2010,Total,70.8
2806404,Santana do São Francisco - SE,2010,Total,80.7
2806503,Santa Rosa de Lima - SE,2010,Total,75.6
2806602,Santo Amaro das Brotas - SE,2010,Total,82.9
2806701,São Cristóvão - SE,2010,Total,88.1
2806800,São Domingos - SE,2010,Total,70.2
2806909,São Francisco - SE,2010,Total,76.0
2807006,São Miguel do Aleixo - SE,2010,Total,69.8
2807105,Simão Dias - SE,2010,Total,75.9
2807204,Siriri - SE,2010,Total,81.1
2807303,Telha - SE,2010,Total,75.5
2807402,Tobias Barreto - SE,2010,Total,73.9
2807501,Tomar do Geru - SE,2010,Total,71.2
2807600,Umbaúba - SE,2010,Total,77.5
2900108,Abaíra - BA,2010,Total,81.9
2900207,Abaré - BA,2010,Total,75.6
2900306,Acajutiba - BA,2010,Total,79.7
2900355,Adustina - BA,2010,Total,68.3
2900405,Água Fria - BA,2010,Total,75.3
2900504,Érico Cardoso - BA,2010,Total,72.3
2900603,Aiquara - BA,2010,Total,77.9
2900702,Alagoinhas - BA,2010,Total,90.4
2900801,Alcobaça - BA,2010,Total,78.8
2900900,Almadina - BA,2010,Total,71.0
2901007,Amargosa - BA,2010,Total,81.0
2901106,Amélia Rodrigues - BA,2010,Total,87.7
2901155,América Dourada - BA,2010,Total,75.0
2901205,Anagé - BA,2010,Total,69.0
2901304,Andaraí - BA,2010,Total,76.0
2901353,Andorinha - BA,2010,Total,76.5
2901403,Angical - BA,2010,Total,77.9
2901502,Anguera - BA,2010,Total,78.6
2901601,Antas - BA,2010,Total,73.9
2901700,Antônio Cardoso - BA,2010,Total,73.2
2901809,Antônio Gonçalves - BA,2010,Total,82.2
2901908,Aporá - BA,2010,Total,75.0
2901957,Apuarema - BA,2010,Total,71.4
2902005,Aracatu - BA,2010,Total,73.3
2902054,Araçás - BA,2010,Total,79.0
2902104,Araci - BA,2010,Total,68.2
2902203,Aramari - BA,2010,Total,81.9
2902252,Arataca - BA,2010,Total,71.4
2902302,Aratuípe - BA,2010,Total,77.2
2902401,Aurelino Leal - BA,2010,Total,75.4
2902500,Baianópolis - BA,2010,Total,72.3
2902609,Baixa Grande - BA,2010,Total,76.9
2902658,Banzaê - BA,2010,Total,76.3
2902708,Barra - BA,2010,Total,78.3
2902807,Barra da Estiva - BA,2010,Total,83.8
2902906,Barra do Choça - BA,2010,Total,75.0
2903003,Barra do Mendes - BA,2010,Total,86.7
2903102,Barra do Rocha - BA,2010,Total,75.1
2903201,Barreiras - BA,2010,Total,90.5
2903235,Barro Alto - BA,2010,Total,83.7
2903276,Barrocas - BA,2010,Total,81.6
2903300,Barro Preto - BA,2010,Total,75.7
2903409,Belmonte - BA,2010,Total,77.2
2903508,Belo Campo - BA,2010,Total,76.0
2903607,Biritinga - BA,2010,Total,75.7
2903706,Boa Nova - BA,2010,Total,71.7
2903805,Boa Vista do Tupim - BA,2010,Total,72.8
2903904,Bom Jesus da Lapa - BA,2010,Total,82.3
2903953,Bom Jesus da Serra - BA,2010,Total,75.1
2904001,Boninal - BA,2010,Total,80.2
2904050,Bonito - BA,2010,Total,82.4
2904100,Boquira - BA,2010,Total,76.7
2904209,Botuporã - BA,2010,Total,76.2
2904308,Brejões - BA,2010,Total,78.2
2904407,Brejolândia - BA,2010,Total,75.9
2904506,Brotas de Macaúbas - BA,2010,Total,80.2
2904605,Brumado - BA,2010,Total,85.1
2904704,Buerarema - BA,2010,Total,78.7
2904753,Buritirama - BA,2010,Total,76.3
2904803,Caatiba - BA,2010,Total,72.3
2904852,Cabaceiras do Paraguaçu - BA,2010,Total,75.8
2904902,Cachoeira - BA,2010,Total,84.7
2905008,Caculé - BA,2010,Total,81.6
2905107,Caém - BA,2010,Total,77.4
2905156,Caetanos - BA,2010,Total,74.7
2905206,Caetité - BA,2010,Total,81.2
2905305,Cafarnaum - BA,2010,Total,80.3
2905404,Cairu - BA,2010,Total,85.4
2905503,Caldeirão Grande - BA,2010,Total,72.9
2905602,Camacan - BA,2010,Total,79.0
2905701,Camaçari - BA,2010,Total,92.6
2905800,Camamu - BA,2010,Total,75.5
2905909,Campo Alegre de Lourdes - BA,2010,Total,74.5
2906006,Campo Formoso - BA,2010,Total,77.6
2906105,Canápolis - BA,2010,Total,72.5
2906204,Canarana - BA,2010,Total,82.6
2906303,Canavieiras - BA,2010,Total,81.9
2906402,Candeal - BA,2010,Total,76.7
2906501,Candeias - BA,2010,Total,91.5
2906600,Candiba - BA,2010,Total,76.3
2906709,Cândido Sales - BA,2010,Total,76.5
2906808,Cansanção - BA,2010,Total,73.4
2906824,Canudos - BA,2010,Total,77.4
2906857,Capela do Alto Alegre - BA,2010,Total,74.5
2906873,Capim Grosso - BA,2010,Total,80.9
2906899,Caraíbas - BA,2010,Total,69.9
2906907,Caravelas - BA,2010,Total,77.4
2907004,Cardeal da Silva - BA,2010,Total,79.1
2907103,Carinhanha - BA,2010,Total,76.6
2907202,Casa Nova - BA,2010,Total,76.8
2907301,Castro Alves - BA,2010,Total,79.0
2907400,Catolândia - BA,2010,Total,76.5
2907509,Catu - BA,2010,Total,89.7
2907558,Caturama - BA,2010,Total,74.1
2907608,Central - BA,2010,Total,81.8
2907707,Chorrochó - BA,2010,Total,73.9
2907806,Cícero Dantas - BA,2010,Total,69.9
2907905,Cipó - BA,2010,Total,78.4
2908002,Coaraci - BA,2010,Total,78.3
2908101,Cocos - BA,2010,Total,77.7
2908200,Conceição da Feira - BA,2010,Total,85.2
2908309,Conceição do Almeida - BA,2010,Total,81.2
2908408,Conceição do Coité - BA,2010,Total,81.8
2908507,Conceição do Jacuípe - BA,2010,Total,88.4
2908606,Conde - BA,2010,Total,78.4
2908705,Condeúba - BA,2010,Total,75.9
2908804,Contendas do Sincorá - BA,2010,Total,75.8
2908903,Coração de Maria - BA,2010,Total,80.8
2909000,Cordeiros - BA,2010,Total,77.1
2909109,Coribe - BA,2010,Total,74.5
2909208,Coronel João Sá - BA,2010,Total,65.4
2909307,Correntina - BA,2010,Total,78.8
2909406,Cotegipe - BA,2010,Total,73.3
2909505,Cravolândia - BA,2010,Total,75.0
2909604,Crisópolis - BA,2010,Total,73.0
2909703,Cristópolis - BA,2010,Total,72.7
2909802,Cruz das Almas - BA,2010,Total,89.1
2909901,Curaçá - BA,2010,Total,77.3
2910008,Dário Meira - BA,2010,Total,68.7
2910057,Dias d'Ávila - BA,2010,Total,92.3
2910107,Dom Basílio - BA,2010,Total,78.0
2910206,Dom Macedo Costa - BA,2010,Total,80.8
2910305,Elísio Medrado - BA,2010,Total,76.6
2910404,Encruzilhada - BA,2010,Total,70.6
2910503,Entre Rios - BA,2010,Total,83.4
2910602,Esplanada - BA,2010,Total,80.5
2910701,Euclides da Cunha - BA,2010,Total,75.1
2910727,Eunápolis - BA,2010,Total,86.3
2910750,Fátima - BA,2010,Total,68.3
2910776,Feira da Mata - BA,2010,Total,79.8
2910800,Feira de Santana - BA,2010,Total,91.4
2910859,Filadélfia - BA,2010,Total,79.1
2910909,Firmino Alves - BA,2010,Total,78.7
2911006,Floresta Azul - BA,2010,Total,73.3
2911105,Formosa do Rio Preto - BA,2010,Total,79.6
2911204,Gandu - BA,2010,Total,79.1
2911253,Gavião - BA,2010,Total,76.0
2911303,Gentio do Ouro - BA,2010,Total,76.7
2911402,Glória - BA,2010,Total,74.0
2911501,Gongogi - BA,2010,Total,74.0
2911600,Governador Mangabeira - BA,2010,Total,83.9
2911659,Guajeru - BA,2010,Total,72.9
2911709,Guanambi - BA,2010,Total,85.8
2911808,Guaratinga - BA,2010,Total,68.4
2911857,Heliópolis - BA,2010,Total,71.3
2911907,Iaçu - BA,2010,Total,77.6
2912004,Ibiassucê - BA,2010,Total,80.5
2912103,Ibicaraí - BA,2010,Total,80.3
2912202,Ibicoara - BA,2010,Total,85.2
2912301,Ibicuí - BA,2010,Total,76.6
2912400,Ibipeba - BA,2010,Total,83.2
2912509,Ibipitanga - BA,2010,Total,74.2
2912608,Ibiquera - BA,2010,Total,72.1
2912707,Ibirapitanga - BA,2010,Total,71.2
2912806,Ibirapuã - BA,2010,Total,78.8
2912905,Ibirataia - BA,2010,Total,73.4
2913002,Ibitiara - BA,2010,Total,79.1
2913101,Ibititá - BA,2010,Total,79.1
2913200,Ibotirama - BA,2010,Total,83.2
2913309,Ichu - BA,2010,Total,86.5
2913408,Igaporã - BA,2010,Total,81.4
2913457,Igrapiúna - BA,2010,Total,78.0
2913507,Iguaí - BA,2010,Total,72.2
2913606,Ilhéus - BA,2010,Total,88.3
2913705,Inhambupe - BA,2010,Total,76.7
2913804,Ipecaetá - BA,2010,Total,76.2
2913903,Ipiaú - BA,2010,Total,81.6
2914000,Ipirá - BA,2010,Total,74.8
2914109,Ipupiara - BA,2010,Total,85.5
2914208,Irajuba - BA,2010,Total,74.7
2914307,Iramaia - BA,2010,Total,77.8
2914406,Iraquara - BA,2010,Total,84.2
2914505,Irará - BA,2010,Total,78.8
2914604,Irecê - BA,2010,Total,87.7
2914653,Itabela - BA,2010,Total,76.9
2914703,Itaberaba - BA,2010,Total,83.3
2914802,Itabuna - BA,2010,Total,90.2
2914901,Itacaré - BA,2010,Total,78.4
2915007,Itaeté - BA,2010,Total,76.8
2915106,Itagi - BA,2010,Total,72.2
2915205,Itagibá - BA,2010,Total,75.3
2915304,Itagimirim - BA,2010,Total,74.6
2915353,Itaguaçu da Bahia - BA,2010,Total,73.9
2915403,Itaju do Colônia - BA,2010,Total,76.6
2915502,Itajuípe - BA,2010,Total,79.7
2915601,Itamaraju - BA,2010,Total,79.9
2915700,Itamari - BA,2010,Total,74.5
2915809,Itambé - BA,2010,Total,77.5
2915908,Itanagra - BA,2010,Total,77.5
2916005,Itanhém - BA,2010,Total,77.6
2916104,Itaparica - BA,2010,Total,92.8
2916203,Itapé - BA,2010,Total,78.7
2916302,Itapebi - BA,2010,Total,73.5
2916401,Itapetinga - BA,2010,Total,86.1
2916500,Itapicuru - BA,2010,Total,64.8
2916609,Itapitanga - BA,2010,Total,76.6
2916708,Itaquara - BA,2010,Total,69.2
2916807,Itarantim - BA,2010,Total,79.0
2916856,Itatim - BA,2010,Total,78.6
2916906,Itiruçu - BA,2010,Total,77.6
2917003,Itiúba - BA,2010,Total,75.2
2917102,Itororó - BA,2010,Total,77.6
2917201,Ituaçu - BA,2010,Total,76.7
2917300,Ituberá - BA,2010,Total,81.3
2917334,Iuiu - BA,2010,Total,76.4
2917359,Jaborandi - BA,2010,Total,76.9
2917409,Jacaraci - BA,2010,Total,76.4
2917508,Jacobina - BA,2010,Total,83.9
2917607,Jaguaquara - BA,2010,Total,75.6
2917706,Jaguarari - BA,2010,Total,83.2
2917805,Jaguaripe - BA,2010,Total,74.0
2917904,Jandaíra - BA,2010,Total,75.8
2918001,Jequié - BA,2010,Total,85.0
2918100,Jeremoabo - BA,2010,Total,70.8
2918209,Jiquiriçá - BA,2010,Total,79.4
2918308,Jitaúna - BA,2010,Total,73.0
2918357,João Dourado - BA,2010,Total,81.5
2918407,Juazeiro - BA,2010,Total,87.5
2918456,Jucuruçu - BA,2010,Total,71.0
2918506,Jussara - BA,2010,Total,76.6
2918555,Jussari - BA,2010,Total,72.4
2918605,Jussiape - BA,2010,Total,76.4
2918704,Lafaiete Coutinho - BA,2010,Total,75.5
2918753,Lagoa Real - BA,2010,Total,78.6
2918803,Laje - BA,2010,Total,75.1
2918902,Lajedão - BA,2010,Total,77.7
2919009,Lajedinho - BA,2010,Total,74.8
2919058,Lajedo do Tabocal - BA,2010,Total,73.7
2919108,Lamarão - BA,2010,Total,69.9
2919157,Lapão - BA,2010,Total,80.6
2919207,Lauro de Freitas - BA,2010,Total,95.3
2919306,Lençóis - BA,2010,Total,83.1
2919405,Licínio de Almeida - BA,2010,Total,79.1
2919504,Livramento de Nossa Senhora - BA,2010,Total,80.7
2919553,Luís Eduardo Magalhães - BA,2010,Total,93.2
2919603,Macajuba - BA,2010,Total,74.9
2919702,Macarani - BA,2010,Total,75.2
2919801,Macaúbas - BA,2010,Total,76.0
2919900,Macururé - BA,2010,Total,75.6
2919926,Madre de Deus - BA,2010,Total,95.1
2919959,Maetinga - BA,2010,Total,70.0
2920007,Maiquinique - BA,2010,Total,75.6
2920106,Mairi - BA,2010,Total,78.1
2920205,Malhada - BA,2010,Total,78.4
2920304,Malhada de Pedras - BA,2010,Total,76.5
2920403,Manoel Vitorino - BA,2010,Total,74.7
2920452,Mansidão - BA,2010,Total,83.7
2920502,Maracás - BA,2010,Total,77.7
2920601,Maragogipe - BA,2010,Total,78.8
2920700,Maraú - BA,2010,Total,75.8
2920809,Marcionílio Souza - BA,2010,Total,72.5
2920908,Mascote - BA,2010,Total,72.4
2921005,Mata de São João - BA,2010,Total,89.3
2921054,Matina - BA,2010,Total,71.5
2921104,Medeiros Neto - BA,2010,Total,78.2
2921203,Miguel Calmon - BA,2010,Total,81.4
2921302,Milagres - BA,2010,Total,80.1
2921401,Mirangaba - BA,2010,Total,77.5
2921450,Mirante - BA,2010,Total,72.2
2921500,Monte Santo - BA,2010,Total,67.4
2921609,Morpará - BA,2010,Total,74.4
2921708,Morro do Chapéu - BA,2010,Total,80.0
2921807,Mortugaba - BA,2010,Total,75.9
2921906,Mucugê - BA,2010,Total,81.6
2922003,Mucuri - BA,2010,Total,83.6
2922052,Mulungu do Morro - BA,2010,Total,81.3
2922102,Mundo Novo - BA,2010,Total,79.5
2922201,Muniz Ferreira - BA,2010,Total,79.4
2922250,Muquém do São Francisco - BA,2010,Total,77.0
2922300,Muritiba - BA,2010,Total,84.4
2922409,Mutuípe - BA,2010,Total,78.6
2922508,Nazaré - BA,2010,Total,82.9
2922607,Nilo Peçanha - BA,2010,Total,75.8
2922656,Nordestina - BA,2010,Total,73.8
2922706,Nova Canaã - BA,2010,Total,71.3
2922730,Nova Fátima - BA,2010,Total,78.6
2922755,Nova Ibiá - BA,2010,Total,73.9
2922805,Nova Itarana - BA,2010,Total,72.8
2922854,Nova Redenção - BA,2010,Total,75.3
2922904,Nova Soure - BA,2010,Total,72.1
2923001,Nova Viçosa - BA,2010,Total,83.0
2923035,Novo Horizonte - BA,2010,Total,79.9
2923050,Novo Triunfo - BA,2010,Total,78.9
2923100,Olindina - BA,2010,Total,72.8
2923209,Oliveira dos Brejinhos - BA,2010,Total,79.9
2923308,Ouriçangas - BA,2010,Total,75.6
2923357,Ourolândia - BA,2010,Total,75.0
2923407,Palmas de Monte Alto - BA,2010,Total,74.3
2923506,Palmeiras - BA,2010,Total,84.0
2923605,Paramirim - BA,2010,Total,81.5
2923704,Paratinga - BA,2010,Total,77.6
2923803,Paripiranga - BA,2010,Total,74.4
2923902,Pau Brasil - BA,2010,Total,74.2
2924009,Paulo Afonso - BA,2010,Total,84.3
2924058,Pé de Serra - BA,2010,Total,78.1
2924108,Pedrão - BA,2010,Total,79.9
2924207,Pedro Alexandre - BA,2010,Total,61.6
2924306,Piatã - BA,2010,Total,78.6
2924405,Pilão Arcado - BA,2010,Total,71.4
2924504,Pindaí - BA,2010,Total,78.3
2924603,Pindobaçu - BA,2010,Total,77.4
2924652,Pintadas - BA,2010,Total,78.5
2924678,Piraí do Norte - BA,2010,Total,75.3
2924702,Piripá - BA,2010,Total,76.5
2924801,Piritiba - BA,2010,Total,80.5
2924900,Planaltino - BA,2010,Total,70.6
2925006,Planalto - BA,2010,Total,73.2
2925105,Poções - BA,2010,Total,75.3
2925204,Pojuca - BA,2010,Total,91.4
2925253,Ponto Novo - BA,2010,Total,76.9
2925303,Porto Seguro - BA,2010,Total,88.9
2925402,Potiraguá - BA,2010,Total,79.9
2925501,Prado - BA,2010,Total,82.2
2925600,Presidente Dutra - BA,2010,Total,85.9
2925709,Presidente Jânio Quadros - BA,2010,Total,69.2
2925758,Presidente Tancredo Neves - BA,2010,Total,74.0
2925808,Queimadas - BA,2010,Total,78.6
2925907,Quijingue - BA,2010,Total,69.3
2925931,Quixabeira - BA,2010,Total,72.1
2925956,Rafael Jambeiro - BA,2010,Total,73.2
2926004,Remanso - BA,2010,Total,74.5
2926103,Retirolândia - BA,2010,Total,82.3
2926202,Riachão das Neves - BA,2010,Total,72.5
2926301,Riachão do Jacuípe - BA,2010,Total,83.5
2926400,Riacho de Santana - BA,2010,Total,75.0
2926509,Ribeira do Amparo - BA,2010,Total,68.1
2926608,Ribeira do Pombal - BA,2010,Total,76.1
2926657,Ribeirão do Largo - BA,2010,Total,71.8
2926707,Rio de Contas - BA,2010,Total,81.7
2926806,Rio do Antônio - BA,2010,Total,74.3
2926905,Rio do Pires - BA,2010,Total,74.7
2927002,Rio Real - BA,2010,Total,78.3
2927101,Rodelas - BA,2010,Total,78.8
2927200,Ruy Barbosa - BA,2010,Total,79.2
2927309,Salinas da Margarida - BA,2010,Total,88.6
2927408,Salvador - BA,2010,Total,96.1
2927507,Santa Bárbara - BA,2010,Total,79.6
2927606,Santa Brígida - BA,2010,Total,69.1
2927705,Santa Cruz Cabrália - BA,2010,Total,85.7
2927804,Santa Cruz da Vitória - BA,2010,Total,77.3
2927903,Santa Inês - BA,2010,Total,74.3
2928000,Santaluz - BA,2010,Total,78.8
2928059,Santa Luzia - BA,2010,Total,72.4
2928109,Santa Maria da Vitória - BA,2010,Total,78.2
2928208,Santana - BA,2010,Total,76.4
2928307,Santanópolis - BA,2010,Total,77.9
2928406,Santa Rita de Cássia - BA,2010,Total,80.9
2928505,Santa Terezinha - BA,2010,Total,77.1
2928604,Santo Amaro - BA,2010,Total,88.1
2928703,Santo Antônio de Jesus - BA,2010,Total,88.5
2928802,Santo Estêvão - BA,2010,Total,80.2
2928901,São Desidério - BA,2010,Total,77.1
2928950,São Domingos - BA,2010,Total,79.6
2929008,São Félix - BA,2010,Total,86.0
2929057,São Félix do Coribe - BA,2010,Total,84.7
2929107,São Felipe - BA,2010,Total,79.2
2929206,São Francisco do Conde - BA,2010,Total,90.6
2929255,São Gabriel - BA,2010,Total,82.4
2929305,São Gonçalo dos Campos - BA,2010,Total,86.1
2929354,São José da Vitória - BA,2010,Total,74.3
2929370,São José do Jacuípe - BA,2010,Total,73.9
2929404,São Miguel das Matas - BA,2010,Total,78.0
2929503,São Sebastião do Passé - BA,2010,Total,87.3
2929602,Sapeaçu - BA,2010,Total,85.4
2929701,Sátiro Dias - BA,2010,Total,72.9
2929750,Saubara - BA,2010,Total,86.6
2929800,Saúde - BA,2010,Total,80.0
2929909,Seabra - BA,2010,Total,85.4
2930006,Sebastião Laranjeiras - BA,2010,Total,77.7
2930105,Senhor do Bonfim - BA,2010,Total,84.7
2930154,Serra do Ramalho - BA,2010,Total,77.5
2930204,Sento Sé - BA,2010,Total,77.3
2930303,Serra Dourada - BA,2010,Total,78.3
2930402,Serra Preta - BA,2010,Total,74.4
2930501,Serrinha - BA,2010,Total,83.7
2930600,Serrolândia - BA,2010,Total,79.1
2930709,Simões Filho - BA,2010,Total,92.4
2930758,Sítio do Mato - BA,2010,Total,80.8
2930766,Sítio do Quinto - BA,2010,Total,66.5
2930774,Sobradinho - BA,2010,Total,83.4
2930808,Souto Soares - BA,2010,Total,81.4
2930907,Tabocas do Brejo Velho - BA,2010,Total,73.6
2931004,Tanhaçu - BA,2010,Total,76.3
2931053,Tanque Novo - BA,2010,Total,75.0
2931103,Tanquinho - BA,2010,Total,81.9
2931202,Taperoá - BA,2010,Total,74.7
2931301,Tapiramutá - BA,2010,Total,78.9
2931350,Teixeira de Freitas - BA,2010,Total,86.6
2931400,Teodoro Sampaio - BA,2010,Total,78.5
2931509,Teofilândia - BA,2010,Total,77.5
2931608,Teolândia - BA,2010,Total,72.1
2931707,Terra Nova - BA,2010,Total,87.8
2931806,Tremedal - BA,2010,Total,72.0
2931905,Tucano - BA,2010,Total,73.5
2932002,Uauá - BA,2010,Total,78.5
2932101,Ubaíra - BA,2010,Total,72.9
2932200,Ubaitaba - BA,2010,Total,80.6
2932309,Ubatã - BA,2010,Total,75.0
2932408,Uibaí - BA,2010,Total,84.8
2932457,Umburanas - BA,2010,Total,77.1
2932507,Una - BA,2010,Total,76.5
2932606,Urandi - BA,2010,Total,78.9
2932705,Uruçuca - BA,2010,Total,79.5
2932804,Utinga - BA,2010,Total,81.6
2932903,Valença - BA,2010,Total,82.2
2933000,Valente - BA,2010,Total,85.2
2933059,Várzea da Roça - BA,2010,Total,74.0
2933109,Várzea do Poço - BA,2010,Total,78.1
2933158,Várzea Nova - BA,2010,Total,79.0
2933174,Varzedo - BA,2010,Total,76.3
2933208,Vera Cruz - BA,2010,Total,89.9
2933257,Vereda - BA,2010,Total,72.5
2933307,Vitória da Conquista - BA,2010,Total,87.5
2933406,Wagner - BA,2010,Total,80.8
2933455,Wanderley - BA,2010,Total,78.0
2933505,Wenceslau Guimarães - BA,2010,Total,72.2
2933604,Xique-Xique - BA,2010,Total,79.5
3100104,Abadia dos Dourados - MG,2010,Total,91.6
3100203,Abaeté - MG,2010,Total,92.0
3100302,Abre Campo - MG,2010,Total,88.9
3100401,Acaiaca - MG,2010,Total,87.5
3100500,Açucena - MG,2010,Total,82.6
3100609,Água Boa - MG,2010,Total,76.3
3100708,Água Comprida - MG,2010,Total,92.6
3100807,Aguanil - MG,2010,Total,88.1
3100906,Águas Formosas - MG,2010,Total,78.1
3101003,Águas Vermelhas - MG,2010,Total,75.5
3101102,Aimorés - MG,2010,Total,86.7
3101201,Aiuruoca - MG,2010,Total,87.1
3101300,Alagoa - MG,2010,Total,86.8
3101409,Albertina - MG,2010,Total,89.3
3101508,Além Paraíba - MG,2010,Total,93.9
3101607,Alfenas - MG,2010,Total,94.7
3101631,Alfredo Vasconcelos - MG,2010,Total,90.9
3101706,Almenara - MG,2010,Total,80.0
3101805,Alpercata - MG,2010,Total,85.7
3101904,Alpinópolis - MG,2010,Total,92.9
3102001,Alterosa - MG,2010,Total,90.5
3102050,Alto Caparaó - MG,2010,Total,89.8
3102100,Alto Rio Doce - MG,2010,Total,86.7
3102209,Alvarenga - MG,2010,Total,83.7
3102308,Alvinópolis - MG,2010,Total,89.7
3102407,Alvorada de Minas - MG,2010,Total,81.9
3102506,Amparo do Serra - MG,2010,Total,84.9
3102605,Andradas - MG,2010,Total,92.1
3102704,Cachoeira de Pajeú - MG,2010,Total,75.6
3102803,Andrelândia - MG,2010,Total,90.0
3102852,Angelândia - MG,2010,Total,77.9
3102902,Antônio Carlos - MG,2010,Total,89.3
3103009,Antônio Dias - MG,2010,Total,85.9
3103108,Antônio Prado de Minas - MG,2010,Total,89.8
3103207,Araçaí - MG,2010,Total,90.6
3103306,Aracitaba - MG,2010,Total,88.4
3103405,Araçuaí - MG,2010,Total,84.3
3103504,Araguari - MG,2010,Total,95.4
3103603,Arantina - MG,2010,Total,90.6
3103702,Araponga - MG,2010,Total,80.0
3103751,Araporã - MG,2010,Total,92.5
3103801,Arapuá - MG,2010,Total,92.6
3103900,Araújos - MG,2010,Total,92.6
3104007,Araxá - MG,2010,Total,96.0
3104106,Arceburgo - MG,2010,Total,90.0
3104205,Arcos - MG,2010,Total,95.4
3104304,Areado - MG,2010,Total,93.3
3104403,Argirita - MG,2010,Total,90.3
3104452,Aricanduva - MG,2010,Total,81.2
3104502,Arinos - MG,2010,Total,86.7
3104601,Astolfo Dutra - MG,2010,Total,93.5
3104700,Ataléia - MG,2010,Total,77.1
3104809,Augusto de Lima - MG,2010,Total,86.6
3104908,Baependi - MG,2010,Total,90.7
3105004,Baldim - MG,2010,Total,91.5
3105103,Bambuí - MG,2010,Total,93.0
3105202,Bandeira - MG,2010,Total,72.3
3105301,Bandeira do Sul - MG,2010,Total,91.2
3105400,Barão de Cocais - MG,2010,Total,95.7
3105509,Barão do Monte Alto - MG,2010,Total,85.2
3105608,Barbacena - MG,2010,Total,94.9
3105707,Barra Longa - MG,2010,Total,85.4
3105905,Barroso - MG,2010,Total,94.1
3106002,Bela Vista de Minas - MG,2010,Total,93.7
3106101,Belmiro Braga - MG,2010,Total,88.3
3106200,Belo Horizonte - MG,2010,Total,97.3
3106309,Belo Oriente - MG,2010,Total,89.6
3106408,Belo Vale - MG,2010,Total,92.2
3106507,Berilo - MG,2010,Total,82.0
3106606,Bertópolis - MG,2010,Total,72.2
3106655,Berizal - MG,2010,Total,77.8
3106705,Betim - MG,2010,Total,95.1
3106804,Bias Fortes - MG,2010,Total,86.4
3106903,Bicas - MG,2010,Total,93.8
3107000,Biquinhas - MG,2010,Total,89.8
3107109,Boa Esperança - MG,2010,Total,93.0
3107208,Bocaina de Minas - MG,2010,Total,83.9
3107307,Bocaiúva - MG,2010,Total,88.7
3107406,Bom Despacho - MG,2010,Total,94.6
3107505,Bom Jardim de Minas - MG,2010,Total,89.3
3107604,Bom Jesus da Penha - MG,2010,Total,89.8
3107703,Bom Jesus do Amparo - MG,2010,Total,90.9
3107802,Bom Jesus do Galho - MG,2010,Total,83.2
3107901,Bom Repouso - MG,2010,Total,90.1
3108008,Bom Sucesso - MG,2010,Total,88.8
3108107,Bonfim - MG,2010,Total,88.4
3108206,Bonfinópolis de Minas - MG,2010,Total,88.5
3108255,Bonito de Minas - MG,2010,Total,76.1
3108305,Borda da Mata - MG,2010,Total,92.3
3108404,Botelhos - MG,2010,Total,91.6
3108503,Botumirim - MG,2010,Total,85.3
3108552,Brasilândia de Minas - MG,2010,Total,90.6
3108602,Brasília de Minas - MG,2010,Total,86.2
3108701,Brás Pires - MG,2010,Total,87.8
3108800,Braúnas - MG,2010,Total,83.3
3108909,Brazópolis - MG,2010,Total,90.9
3109006,Brumadinho - MG,2010,Total,94.1
3109105,Bueno Brandão - MG,2010,Total,90.4
3109204,Buenópolis - MG,2010,Total,85.8
3109253,Bugre - MG,2010,Total,83.1
3109303,Buritis - MG,2010,Total,86.6
3109402,Buritizeiro - MG,2010,Total,87.6
3109451,Cabeceira Grande - MG,2010,Total,87.0
3109501,Cabo Verde - MG,2010,Total,90.4
3109600,Cachoeira da Prata - MG,2010,Total,96.4
3109709,Cachoeira de Minas - MG,2010,Total,92.1
3109808,Cachoeira Dourada - MG,2010,Total,88.9
3109907,Caetanópolis - MG,2010,Total,95.1
3110004,Caeté - MG,2010,Total,95.2
3110103,Caiana - MG,2010,Total,87.7
3110202,Cajuri - MG,2010,Total,89.6
3110301,Caldas - MG,2010,Total,92.5
3110400,Camacho - MG,2010,Total,87.9
3110509,Camanducaia - MG,2010,Total,90.2
3110608,Cambuí - MG,2010,Total,93.2
3110707,Cambuquira - MG,2010,Total,91.5
3110806,Campanário - MG,2010,Total,84.3
3110905,Campanha - MG,2010,Total,92.8
3111002,Campestre - MG,2010,Total,92.2
3111101,Campina Verde - MG,2010,Total,92.4
3111150,Campo Azul - MG,2010,Total,81.3
3111200,Campo Belo - MG,2010,Total,92.0
3111309,Campo do Meio - MG,2010,Total,90.8
3111408,Campo Florido - MG,2010,Total,92.2
3111507,Campos Altos - MG,2010,Total,91.0
3111606,Campos Gerais - MG,2010,Total,89.7
3111705,Canaã - MG,2010,Total,86.7
3111804,Canápolis - MG,2010,Total,86.6
3111903,Cana Verde - MG,2010,Total,88.8
3112000,Candeias - MG,2010,Total,87.1
3112059,Cantagalo - MG,2010,Total,86.0
3112109,Caparaó - MG,2010,Total,87.5
3112208,Capela Nova - MG,2010,Total,90.1
3112307,Capelinha - MG,2010,Total,83.5
3112406,Capetinga - MG,2010,Total,89.5
3112505,Capim Branco - MG,2010,Total,93.9
3112604,Capinópolis - MG,2010,Total,88.5
3112653,Capitão Andrade - MG,2010,Total,83.9
3112703,Capitão Enéas - MG,2010,Total,83.7
3112802,Capitólio - MG,2010,Total,93.4
3112901,Caputira - MG,2010,Total,88.1
3113008,Caraí - MG,2010,Total,76.7
3113107,Caranaíba - MG,2010,Total,91.8
3113206,Carandaí - MG,2010,Total,93.3
3113305,Carangola - MG,2010,Total,90.6
3113404,Caratinga - MG,2010,Total,91.2
3113503,Carbonita - MG,2010,Total,83.3
3113602,Careaçu - MG,2010,Total,88.3
3113701,Carlos Chagas - MG,2010,Total,80.0
3113800,Carmésia - MG,2010,Total,86.4
3113909,Carmo da Cachoeira - MG,2010,Total,90.9
3114006,Carmo da Mata - MG,2010,Total,92.4
3114105,Carmo de Minas - MG,2010,Total,90.4
3114204,Carmo do Cajuru - MG,2010,Total,94.2
3114303,Carmo do Paranaíba - MG,2010,Total,91.8
3114402,Carmo do Rio Claro - MG,2010,Total,91.8
3114501,Carmópolis de Minas - MG,2010,Total,95.2
3114550,Carneirinho - MG,2010,Total,89.2
3114600,Carrancas - MG,2010,Total,92.7
3114709,Carvalhópolis - MG,2010,Total,92.3
3114808,Carvalhos - MG,2010,Total,86.0
3114907,Casa Grande - MG,2010,Total,94.6
3115003,Cascalho Rico - MG,2010,Total,93.9
3115102,Cássia - MG,2010,Total,90.2
3115201,Conceição da Barra de Minas - MG,2010,Total,92.4
3115300,Cataguases - MG,2010,Total,94.6
3115359,Catas Altas - MG,2010,Total,94.3
3115409,Catas Altas da Noruega - MG,2010,Total,87.9
3115458,Catuji - MG,2010,Total,78.0
3115474,Catuti - MG,2010,Total,75.4
3115508,Caxambu - MG,2010,Total,94.4
3115607,Cedro do Abaeté - MG,2010,Total,87.3
3115706,Central de Minas - MG,2010,Total,81.8
3115805,Centralina - MG,2010,Total,89.2
3115904,Chácara - MG,2010,Total,89.3
3116001,Chalé - MG,2010,Total,85.2
3116100,Chapada do Norte - MG,2010,Total,78.2
3116159,Chapada Gaúcha - MG,2010,Total,85.3
3116209,Chiador - MG,2010,Total,89.7
3116308,Cipotânea - MG,2010,Total,88.3
3116407,Claraval - MG,2010,Total,92.7
3116506,Claro dos Poções - MG,2010,Total,84.7
3116605,Cláudio - MG,2010,Total,95.5
3116704,Coimbra - MG,2010,Total,90.8
3116803,Coluna - MG,2010,Total,81.5
3116902,Comendador Gomes - MG,2010,Total,91.8
3117009,Comercinho - MG,2010,Total,78.8
3117108,Conceição da Aparecida - MG,2010,Total,91.6
3117207,Conceição das Pedras - MG,2010,Total,91.3
3117306,Conceição das Alagoas - MG,2010,Total,92.0
3117405,Conceição de Ipanema - MG,2010,Total,85.9
3117504,Conceição do Mato Dentro - MG,2010,Total,84.0
3117603,Conceição do Pará - MG,2010,Total,91.5
3117702,Conceição do Rio Verde - MG,2010,Total,88.0
3117801,Conceição dos Ouros - MG,2010,Total,93.8
3117836,Cônego Marinho - MG,2010,Total,83.1
3117876,Confins - MG,2010,Total,95.5
3117900,Congonhal - MG,2010,Total,90.8
3118007,Congonhas - MG,2010,Total,95.8
3118106,Congonhas do Norte - MG,2010,Total,76.5
3118205,Conquista - MG,2010,Total,90.4
3118304,Conselheiro Lafaiete - MG,2010,Total,96.7
3118403,Conselheiro Pena - MG,2010,Total,85.4
3118502,Consolação - MG,2010,Total,88.1
3118601,Contagem - MG,2010,Total,96.6
3118700,Coqueiral - MG,2010,Total,92.5
3118809,Coração de Jesus - MG,2010,Total,83.6
3118908,Cordisburgo - MG,2010,Total,89.9
3119005,Cordislândia - MG,2010,Total,87.2
3119104,Corinto - MG,2010,Total,90.8
3119203,Coroaci - MG,2010,Total,86.2
3119302,Coromandel - MG,2010,Total,92.6
3119401,Coronel Fabriciano - MG,2010,Total,94.4
3119500,Coronel Murta - MG,2010,Total,82.3
3119609,Coronel Pacheco - MG,2010,Total,89.3
3119708,Coronel Xavier Chaves - MG,2010,Total,94.5
3119807,Córrego Danta - MG,2010,Total,91.5
3119906,Córrego do Bom Jesus - MG,2010,Total,88.6
3119955,Córrego Fundo - MG,2010,Total,91.2
3120003,Córrego Novo - MG,2010,Total,80.7
3120102,Couto de Magalhães de Minas - MG,2010,Total,89.8
3120151,Crisólita - MG,2010,Total,69.0
3120201,Cristais - MG,2010,Total,90.9
3120300,Cristália - MG,2010,Total,83.2
3120409,Cristiano Otoni - MG,2010,Total,94.5
3120508,Cristina - MG,2010,Total,91.5
3120607,Crucilândia - MG,2010,Total,87.4
3120706,Cruzeiro da Fortaleza - MG,2010,Total,90.9
3120805,Cruzília - MG,2010,Total,90.6
3120839,Cuparaque - MG,2010,Total,80.6
3120870,Curral de Dentro - MG,2010,Total,78.7
3120904,Curvelo - MG,2010,Total,92.8
3121001,Datas - MG,2010,Total,90.4
3121100,Delfim Moreira - MG,2010,Total,91.7
3121209,Delfinópolis - MG,2010,Total,90.7
3121258,Delta - MG,2010,Total,87.7
3121308,Descoberto - MG,2010,Total,92.3
3121407,Desterro de Entre Rios - MG,2010,Total,86.8
3121506,Desterro do Melo - MG,2010,Total,83.9
3121605,Diamantina - MG,2010,Total,91.5
3121704,Diogo de Vasconcelos - MG,2010,Total,84.6
3121803,Dionísio - MG,2010,Total,89.4
3121902,Divinésia - MG,2010,Total,91.6
3122009,Divino - MG,2010,Total,87.3
3122108,Divino das Laranjeiras - MG,2010,Total,83.4
3122207,Divinolândia de Minas - MG,2010,Total,87.6
3122306,Divinópolis - MG,2010,Total,96.5
3122355,Divisa Alegre - MG,2010,Total,80.0
3122405,Divisa Nova - MG,2010,Total,87.3
3122454,Divisópolis - MG,2010,Total,77.0
3122470,Dom Bosco - MG,2010,Total,85.9
3122504,Dom Cavati - MG,2010,Total,88.7
3122603,Dom Joaquim - MG,2010,Total,85.1
3122702,Dom Silvério - MG,2010,Total,90.9
3122801,Dom Viçoso - MG,2010,Total,90.8
3122900,Dona Euzébia - MG,2010,Total,92.2
3123007,Dores de Campos - MG,2010,Total,93.5
3123106,Dores de Guanhães - MG,2010,Total,82.6
3123205,Dores do Indaiá - MG,2010,Total,89.8
3123304,Dores do Turvo - MG,2010,Total,86.5
3123403,Doresópolis - MG,2010,Total,93.8
3123502,Douradoquara - MG,2010,Total,93.2
3123528,Durandé - MG,2010,Total,84.1
3123601,Elói Mendes - MG,2010,Total,89.6
3123700,Engenheiro Caldas - MG,2010,Total,83.8
3123809,Engenheiro Navarro - MG,2010,Total,84.4
3123858,Entre Folhas - MG,2010,Total,87.0
3123908,Entre Rios de Minas - MG,2010,Total,92.6
3124005,Ervália - MG,2010,Total,86.4
3124104,Esmeraldas - MG,2010,Total,92.3
3124203,Espera Feliz - MG,2010,Total,87.3
3124302,Espinosa - MG,2010,Total,78.8
3124401,Espírito Santo do Dourado - MG,2010,Total,89.7
3124500,Estiva - MG,2010,Total,91.6
3124609,Estrela Dalva - MG,2010,Total,84.9
3124708,Estrela do Indaiá - MG,2010,Total,87.5
3124807,Estrela do Sul - MG,2010,Total,89.6
3124906,Eugenópolis - MG,2010,Total,88.8
3125002,Ewbank da Câmara - MG,2010,Total,90.6
3125101,Extrema - MG,2010,Total,94.3
3125200,Fama - MG,2010,Total,90.7
3125309,Faria Lemos - MG,2010,Total,86.9
3125408,Felício dos Santos - MG,2010,Total,84.7
3125507,São Gonçalo do Rio Preto - MG,2010,Total,83.8
3125606,Felisburgo - MG,2010,Total,75.8
3125705,Felixlândia - MG,2010,Total,90.7
3125804,Fernandes Tourinho - MG,2010,Total,80.4
3125903,Ferros - MG,2010,Total,80.2
3125952,Fervedouro - MG,2010,Total,86.0
3126000,Florestal - MG,2010,Total,94.1
3126109,Formiga - MG,2010,Total,94.3
3126208,Formoso - MG,2010,Total,82.7
3126307,Fortaleza de Minas - MG,2010,Total,91.8
3126406,Fortuna de Minas - MG,2010,Total,92.1
3126505,Francisco Badaró - MG,2010,Total,79.7
3126604,Francisco Dumont - MG,2010,Total,83.1
3126703,Francisco Sá - MG,2010,Total,81.1
3126752,Franciscópolis - MG,2010,Total,73.3
3126802,Frei Gaspar - MG,2010,Total,74.3
3126901,Frei Inocêncio - MG,2010,Total,84.1
3126950,Frei Lagonegro - MG,2010,Total,80.2
3127008,Fronteira - MG,2010,Total,90.3
3127057,Fronteira dos Vales - MG,2010,Total,72.6
3127073,Fruta de Leite - MG,2010,Total,70.3
3127107,Frutal - MG,2010,Total,93.9
3127206,Funilândia - MG,2010,Total,88.1
3127305,Galiléia - MG,2010,Total,82.7
3127339,Gameleiras - MG,2010,Total,77.3
3127354,Glaucilândia - MG,2010,Total,88.2
3127370,Goiabeira - MG,2010,Total,79.5
3127388,Goianá - MG,2010,Total,90.3
3127404,Gonçalves - MG,2010,Total,87.9
3127503,Gonzaga - MG,2010,Total,83.2
3127602,Gouveia - MG,2010,Total,92.3
3127701,Governador Valadares - MG,2010,Total,93.0
3127800,Grão Mogol - MG,2010,Total,83.5
3127909,Grupiara - MG,2010,Total,92.7
3128006,Guanhães - MG,2010,Total,89.3
3128105,Guapé - MG,2010,Total,92.1
3128204,Guaraciaba - MG,2010,Total,83.6
3128253,Guaraciama - MG,2010,Total,84.2
3128303,Guaranésia - MG,2010,Total,89.7
3128402,Guarani - MG,2010,Total,89.1
3128501,Guarará - MG,2010,Total,92.1
3128600,Guarda-Mor - MG,2010,Total,90.3
3128709,Guaxupé - MG,2010,Total,94.4
3128808,Guidoval - MG,2010,Total,90.0
3128907,Guimarânia - MG,2010,Total,91.6
3129004,Guiricema - MG,2010,Total,88.1
3129103,Gurinhatã - MG,2010,Total,86.4
3129202,Heliodora - MG,2010,Total,88.2
3129301,Iapu - MG,2010,Total,85.3
3129400,Ibertioga - MG,2010,Total,87.4
3129509,Ibiá - MG,2010,Total,94.1
3129608,Ibiaí - MG,2010,Total,83.4
3129657,Ibiracatu - MG,2010,Total,77.7
3129707,Ibiraci - MG,2010,Total,91.5
3129806,Ibirité - MG,2010,Total,94.6
3129905,Ibitiúra de Minas - MG,2010,Total,89.4
3130002,Ibituruna - MG,2010,Total,90.4
3130051,Icaraí de Minas - MG,2010,Total,86.4
3130101,Igarapé - MG,2010,Total,93.3
3130200,Igaratinga - MG,2010,Total,93.5
3130309,Iguatama - MG,2010,Total,94.8
3130408,Ijaci - MG,2010,Total,93.7
3130507,Ilicínea - MG,2010,Total,91.3
3130556,Imbé de Minas - MG,2010,Total,84.6
3130606,Inconfidentes - MG,2010,Total,92.2
3130655,Indaiabira - MG,2010,Total,71.8
3130705,Indianópolis - MG,2010,Total,90.1
3130804,Ingaí - MG,2010,Total,92.4
3130903,Inhapim - MG,2010,Total,86.2
3131000,Inhaúma - MG,2010,Total,92.2
3131109,Inimutaba - MG,2010,Total,88.9
3131158,Ipaba - MG,2010,Total,89.6
3131208,Ipanema - MG,2010,Total,87.0
3131307,Ipatinga - MG,2010,Total,95.3
3131406,Ipiaçu - MG,2010,Total,85.2
3131505,Ipuiúna - MG,2010,Total,88.9
3131604,Iraí de Minas - MG,2010,Total,92.2
3131703,Itabira - MG,2010,Total,94.1
3131802,Itabirinha - MG,2010,Total,81.4
3131901,Itabirito - MG,2010,Total,96.3
3132008,Itacambira - MG,2010,Total,85.7
3132107,Itacarambi - MG,2010,Total,84.5
3132206,Itaguara - MG,2010,Total,92.5
3132305,Itaipé - MG,2010,Total,77.5
3132404,Itajubá - MG,2010,Total,96.3
3132503,Itamarandiba - MG,2010,Total,83.5
3132602,Itamarati de Minas - MG,2010,Total,93.1
3132701,Itambacuri - MG,2010,Total,81.1
3132800,Itambé do Mato Dentro - MG,2010,Total,82.6
3132909,Itamogi - MG,2010,Total,90.2
3133006,Itamonte - MG,2010,Total,94.5
3133105,Itanhandu - MG,2010,Total,95.7
3133204,Itanhomi - MG,2010,Total,84.2
3133303,Itaobim - MG,2010,Total,81.3
3133402,Itapagipe - MG,2010,Total,93.9
3133501,Itapecerica - MG,2010,Total,89.8
3133600,Itapeva - MG,2010,Total,90.5
3133709,Itatiaiuçu - MG,2010,Total,91.4
3133758,Itaú de Minas - MG,2010,Total,95.4
3133808,Itaúna - MG,2010,Total,96.1
3133907,Itaverava - MG,2010,Total,85.9
3134004,Itinga - MG,2010,Total,80.5
3134103,Itueta - MG,2010,Total,86.1
3134202,Ituiutaba - MG,2010,Total,92.1
3134301,Itumirim - MG,2010,Total,94.6
3134400,Iturama - MG,2010,Total,92.1
3134509,Itutinga - MG,2010,Total,94.1
3134608,Jaboticatubas - MG,2010,Total,90.1
3134707,Jacinto - MG,2010,Total,74.9
3134806,Jacuí - MG,2010,Total,90.3
3134905,Jacutinga - MG,2010,Total,93.4
3135001,Jaguaraçu - MG,2010,Total,90.4
3135050,Jaíba - MG,2010,Total,83.6
3135076,Jampruca - MG,2010,Total,79.6
3135100,Janaúba - MG,2010,Total,87.2
3135209,Januária - MG,2010,Total,84.4
3135308,Japaraíba - MG,2010,Total,93.5
3135357,Japonvar - MG,2010,Total,80.7
3135407,Jeceaba - MG,2010,Total,92.6
3135456,Jenipapo de Minas - MG,2010,Total,79.2
3135506,Jequeri - MG,2010,Total,85.4
3135605,Jequitaí - MG,2010,Total,82.2
3135704,Jequitibá - MG,2010,Total,91.1
3135803,Jequitinhonha - MG,2010,Total,77.0
3135902,Jesuânia - MG,2010,Total,90.0
3136009,Joaíma - MG,2010,Total,74.5
3136108,Joanésia - MG,2010,Total,82.7
3136207,João Monlevade - MG,2010,Total,96.2
3136306,João Pinheiro - MG,2010,Total,90.3
3136405,Joaquim Felício - MG,2010,Total,85.9
3136504,Jordânia - MG,2010,Total,78.2
3136520,José Gonçalves de Minas - MG,2010,Total,83.3
3136553,José Raydan - MG,2010,Total,79.8
3136579,Josenópolis - MG,2010,Total,75.1
3136603,Nova União - MG,2010,Total,88.8
3136652,Juatuba - MG,2010,Total,92.2
3136702,Juiz de Fora - MG,2010,Total,96.9
3136801,Juramento - MG,2010,Total,85.5
3136900,Juruaia - MG,2010,Total,94.2
3136959,Juvenília - MG,2010,Total,79.5
3137007,Ladainha - MG,2010,Total,73.6
3137106,Lagamar - MG,2010,Total,89.9
3137205,Lagoa da Prata - MG,2010,Total,94.1
3137304,Lagoa dos Patos - MG,2010,Total,85.9
3137403,Lagoa Dourada - MG,2010,Total,94.6
3137502,Lagoa Formosa - MG,2010,Total,90.0
3137536,Lagoa Grande - MG,2010,Total,89.9
3137601,Lagoa Santa - MG,2010,Total,95.7
3137700,Lajinha - MG,2010,Total,84.6
3137809,Lambari - MG,2010,Total,93.1
3137908,Lamim - MG,2010,Total,88.0
3138005,Laranjal - MG,2010,Total,89.9
3138104,Lassance - MG,2010,Total,86.3
3138203,Lavras - MG,2010,Total,96.1
3138302,Leandro Ferreira - MG,2010,Total,89.2
3138351,Leme do Prado - MG,2010,Total,84.5
3138401,Leopoldina - MG,2010,Total,93.4
3138500,Liberdade - MG,2010,Total,86.4
3138609,Lima Duarte - MG,2010,Total,89.9
3138625,Limeira do Oeste - MG,2010,Total,88.6
3138658,Lontra - MG,2010,Total,80.3
3138674,Luisburgo - MG,2010,Total,86.7
3138682,Luislândia - MG,2010,Total,83.2
3138708,Luminárias - MG,2010,Total,91.4
3138807,Luz - MG,2010,Total,92.6
3138906,Machacalis - MG,2010,Total,79.0
3139003,Machado - MG,2010,Total,92.6
3139102,Madre de Deus de Minas - MG,2010,Total,93.4
3139201,Malacacheta - MG,2010,Total,77.9
3139250,Mamonas - MG,2010,Total,74.0
3139300,Manga - MG,2010,Total,79.3
3139409,Manhuaçu - MG,2010,Total,92.2
3139508,Manhumirim - MG,2010,Total,88.5
3139607,Mantena - MG,2010,Total,86.0
3139706,Maravilhas - MG,2010,Total,92.3
3139805,Mar de Espanha - MG,2010,Total,92.5
3139904,Maria da Fé - MG,2010,Total,92.9
3140001,Mariana - MG,2010,Total,94.0
3140100,Marilac - MG,2010,Total,82.8
3140159,Mário Campos - MG,2010,Total,92.7
3140209,Maripá de Minas - MG,2010,Total,90.2
3140308,Marliéria - MG,2010,Total,89.6
3140407,Marmelópolis - MG,2010,Total,90.7
3140506,Martinho Campos - MG,2010,Total,91.9
3140530,Martins Soares - MG,2010,Total,85.9
3140555,Mata Verde - MG,2010,Total,73.4
3140605,Materlândia - MG,2010,Total,79.8
3140704,Mateus Leme - MG,2010,Total,92.9
3140803,Matias Barbosa - MG,2010,Total,93.9
3140852,Matias Cardoso - MG,2010,Total,80.1
3140902,Matipó - MG,2010,Total,86.8
3141009,Mato Verde - MG,2010,Total,80.6
3141108,Matozinhos - MG,2010,Total,94.7
3141207,Matutina - MG,2010,Total,89.4
3141306,Medeiros - MG,2010,Total,94.6
3141405,Medina - MG,2010,Total,79.9
3141504,Mendes Pimentel - MG,2010,Total,78.0
3141603,Mercês - MG,2010,Total,87.0
3141702,Mesquita - MG,2010,Total,82.8
3141801,Minas Novas - MG,2010,Total,80.0
3141900,Minduri - MG,2010,Total,92.5
3142007,Mirabela - MG,2010,Total,84.3
3142106,Miradouro - MG,2010,Total,87.5
3142205,Miraí - MG,2010,Total,89.5
3142254,Miravânia - MG,2010,Total,76.6
3142304,Moeda - MG,2010,Total,92.5
3142403,Moema - MG,2010,Total,94.0
3142502,Monjolos - MG,2010,Total,85.4
3142601,Monsenhor Paulo - MG,2010,Total,89.9
3142700,Montalvânia - MG,2010,Total,80.7
3142809,Monte Alegre de Minas - MG,2010,Total,89.6
3142908,Monte Azul - MG,2010,Total,79.5
3143005,Monte Belo - MG,2010,Total,90.2
3143104,Monte Carmelo - MG,2010,Total,93.0
3143153,Monte Formoso - MG,2010,Total,75.2
3143203,Monte Santo de Minas - MG,2010,Total,88.4
3143302,Montes Claros - MG,2010,Total,94.2
3143401,Monte Sião - MG,2010,Total,93.3
3143450,Montezuma - MG,2010,Total,80.3
3143500,Morada Nova de Minas - MG,2010,Total,91.5
3143609,Morro da Garça - MG,2010,Total,90.5
3143708,Morro do Pilar - MG,2010,Total,77.5
3143807,Munhoz - MG,2010,Total,90.6
3143906,Muriaé - MG,2010,Total,92.9
3144003,Mutum - MG,2010,Total,83.6
3144102,Muzambinho - MG,2010,Total,94.3
3144201,Nacip Raydan - MG,2010,Total,80.0
3144300,Nanuque - MG,2010,Total,85.9
3144359,Naque - MG,2010,Total,86.3
3144375,Natalândia - MG,2010,Total,87.3
3144409,Natércia - MG,2010,Total,90.9
3144508,Nazareno - MG,2010,Total,92.0
3144607,Nepomuceno - MG,2010,Total,89.6
3144656,Ninheira - MG,2010,Total,69.2
3144672,Nova Belém - MG,2010,Total,78.4
3144706,Nova Era - MG,2010,Total,93.7
3144805,Nova Lima - MG,2010,Total,97.3
3144904,Nova Módica - MG,2010,Total,78.5
3145000,Nova Ponte - MG,2010,Total,92.0
3145059,Nova Porteirinha - MG,2010,Total,83.4
3145109,Nova Resende - MG,2010,Total,92.6
3145208,Nova Serrana - MG,2010,Total,95.5
3145307,Novo Cruzeiro - MG,2010,Total,75.8
3145356,Novo Oriente de Minas - MG,2010,Total,72.4
3145372,Novorizonte - MG,2010,Total,80.7
3145406,Olaria - MG,2010,Total,83.7
3145455,Olhos-d'Água - MG,2010,Total,84.0
3145505,Olímpio Noronha - MG,2010,Total,87.3
3145604,Oliveira - MG,2010,Total,94.3
3145703,Oliveira Fortes - MG,2010,Total,84.7
3145802,Onça de Pitangui - MG,2010,Total,90.1
3145851,Oratórios - MG,2010,Total,85.7
3145877,Orizânia - MG,2010,Total,85.7
3145901,Ouro Branco - MG,2010,Total,95.7
3146008,Ouro Fino - MG,2010,Total,92.0
3146107,Ouro Preto - MG,2010,Total,95.4
3146206,Ouro Verde de Minas - MG,2010,Total,75.5
3146255,Padre Carvalho - MG,2010,Total,76.4
3146305,Padre Paraíso - MG,2010,Total,80.0
3146404,Paineiras - MG,2010,Total,90.0
3146503,Pains - MG,2010,Total,93.2
3146552,Pai Pedro - MG,2010,Total,72.3
3146602,Paiva - MG,2010,Total,88.2
3146701,Palma - MG,2010,Total,89.7
3146750,Palmópolis - MG,2010,Total,73.4
3146909,Papagaios - MG,2010,Total,91.7
3147006,Paracatu - MG,2010,Total,93.1
3147105,Pará de Minas - MG,2010,Total,96.4
3147204,Paraguaçu - MG,2010,Total,93.3
3147303,Paraisópolis - MG,2010,Total,92.3
3147402,Paraopeba - MG,2010,Total,94.3
3147501,Passabém - MG,2010,Total,83.6
3147600,Passa Quatro - MG,2010,Total,94.7
3147709,Passa Tempo - MG,2010,Total,92.9
3147808,Passa Vinte - MG,2010,Total,87.7
3147907,Passos - MG,2010,Total,94.9
3147956,Patis - MG,2010,Total,79.5
3148004,Patos de Minas - MG,2010,Total,94.9
3148103,Patrocínio - MG,2010,Total,94.0
3148202,Patrocínio do Muriaé - MG,2010,Total,90.8
3148301,Paula Cândido - MG,2010,Total,91.0
3148400,Paulistas - MG,2010,Total,82.3
3148509,Pavão - MG,2010,Total,78.8
3148608,Peçanha - MG,2010,Total,82.3
3148707,Pedra Azul - MG,2010,Total,82.2
3148756,Pedra Bonita - MG,2010,Total,86.9
3148806,Pedra do Anta - MG,2010,Total,82.3
3148905,Pedra do Indaiá - MG,2010,Total,89.9
3149002,Pedra Dourada - MG,2010,Total,88.1
3149101,Pedralva - MG,2010,Total,92.0
3149150,Pedras de Maria da Cruz - MG,2010,Total,79.6
3149200,Pedrinópolis - MG,2010,Total,90.6
3149309,Pedro Leopoldo - MG,2010,Total,95.0
3149408,Pedro Teixeira - MG,2010,Total,89.6
3149507,Pequeri - MG,2010,Total,92.5
3149606,Pequi - MG,2010,Total,92.4
3149705,Perdigão - MG,2010,Total,93.7
3149804,Perdizes - MG,2010,Total,92.6
3149903,Perdões - MG,2010,Total,93.2
3149952,Periquito - MG,2010,Total,84.4
3150000,Pescador - MG,2010,Total,82.7
3150109,Piau - MG,2010,Total,87.1
3150158,Piedade de Caratinga - MG,2010,Total,84.3
3150208,Piedade de Ponte Nova - MG,2010,Total,85.6
3150307,Piedade do Rio Grande - MG,2010,Total,87.3
3150406,Piedade dos Gerais - MG,2010,Total,86.6
3150505,Pimenta - MG,2010,Total,92.1
3150539,Pingo-d'Água - MG,2010,Total,84.3
3150570,Pintópolis - MG,2010,Total,84.5
3150604,Piracema - MG,2010,Total,89.1
3150703,Pirajuba - MG,2010,Total,91.8
3150802,Piranga - MG,2010,Total,89.6
3150901,Piranguçu - MG,2010,Total,90.1
3151008,Piranguinho - MG,2010,Total,93.1
3151107,Pirapetinga - MG,2010,Total,92.0
3151206,Pirapora - MG,2010,Total,93.6
3151305,Piraúba - MG,2010,Total,91.1
3151404,Pitangui - MG,2010,Total,94.3
3151503,Piumhi - MG,2010,Total,93.5
3151602,Planura - MG,2010,Total,92.3
3151701,Poço Fundo - MG,2010,Total,93.6
3151800,Poços de Caldas - MG,2010,Total,96.6
3151909,Pocrane - MG,2010,Total,82.8
3152006,Pompéu - MG,2010,Total,91.4
3152105,Ponte Nova - MG,2010,Total,93.6
3152131,Ponto Chique - MG,2010,Total,85.5
3152170,Ponto dos Volantes - MG,2010,Total,75.4
3152204,Porteirinha - MG,2010,Total,80.7
3152303,Porto Firme - MG,2010,Total,87.7
3152402,Poté - MG,2010,Total,77.1
3152501,Pouso Alegre - MG,2010,Total,96.3
3152600,Pouso Alto - MG,2010,Total,92.1
3152709,Prados - MG,2010,Total,93.6
3152808,Prata - MG,2010,Total,91.0
3152907,Pratápolis - MG,2010,Total,91.9
3153004,Pratinha - MG,2010,Total,89.4
3153103,Presidente Bernardes - MG,2010,Total,87.9
3153202,Presidente Juscelino - MG,2010,Total,82.4
3153301,Presidente Kubitschek - MG,2010,Total,88.0
3153400,Presidente Olegário - MG,2010,Total,90.3
3153509,Alto Jequitibá - MG,2010,Total,90.4
3153608,Prudente de Morais - MG,2010,Total,94.0
3153707,Quartel Geral - MG,2010,Total,89.1
3153806,Queluzito - MG,2010,Total,93.8
3153905,Raposos - MG,2010,Total,95.3
3154002,Raul Soares - MG,2010,Total,87.2
3154101,Recreio - MG,2010,Total,89.4
3154150,Reduto - MG,2010,Total,88.2
3154200,Resende Costa - MG,2010,Total,94.5
3154309,Resplendor - MG,2010,Total,86.5
3154408,Ressaquinha - MG,2010,Total,90.3
3154457,Riachinho - MG,2010,Total,87.9
3154507,Riacho dos Machados - MG,2010,Total,80.3
3154606,Ribeirão das Neves - MG,2010,Total,94.2
3154705,Ribeirão Vermelho - MG,2010,Total,95.2
3154804,Rio Acima - MG,2010,Total,93.4
3154903,Rio Casca - MG,2010,Total,89.8
3155009,Rio Doce - MG,2010,Total,86.9
3155108,Rio do Prado - MG,2010,Total,78.3
3155207,Rio Espera - MG,2010,Total,88.1
3155306,Rio Manso - MG,2010,Total,89.5
3155405,Rio Novo - MG,2010,Total,90.7
3155504,Rio Paranaíba - MG,2010,Total,92.0
3155603,Rio Pardo de Minas - MG,2010,Total,79.5
3155702,Rio Piracicaba - MG,2010,Total,92.1
3155801,Rio Pomba - MG,2010,Total,91.7
3155900,Rio Preto - MG,2010,Total,88.8
3156007,Rio Vermelho - MG,2010,Total,76.4
3156106,Ritápolis - MG,2010,Total,91.2
3156205,Rochedo de Minas - MG,2010,Total,91.4
3156304,Rodeiro - MG,2010,Total,92.6
3156403,Romaria - MG,2010,Total,92.3
3156452,Rosário da Limeira - MG,2010,Total,87.4
3156502,Rubelita - MG,2010,Total,78.2
3156601,Rubim - MG,2010,Total,75.6
3156700,Sabará - MG,2010,Total,95.5
3156809,Sabinópolis - MG,2010,Total,84.2
3156908,Sacramento - MG,2010,Total,94.1
3157005,Salinas - MG,2010,Total,84.4
3157104,Salto da Divisa - MG,2010,Total,75.9
3157203,Santa Bárbara - MG,2010,Total,94.7
3157252,Santa Bárbara do Leste - MG,2010,Total,87.7
3157278,Santa Bárbara do Monte Verde - MG,2010,Total,86.3
3157302,Santa Bárbara do Tugúrio - MG,2010,Total,87.1
3157336,Santa Cruz de Minas - MG,2010,Total,95.2
3157377,Santa Cruz de Salinas - MG,2010,Total,76.5
3157401,Santa Cruz do Escalvado - MG,2010,Total,86.0
3157500,Santa Efigênia de Minas - MG,2010,Total,82.5
3157609,Santa Fé de Minas - MG,2010,Total,83.5
3157658,Santa Helena de Minas - MG,2010,Total,70.4
3157708,Santa Juliana - MG,2010,Total,93.3
3157807,Santa Luzia - MG,2010,Total,95.6
3157906,Santa Margarida - MG,2010,Total,89.1
3158003,Santa Maria de Itabira - MG,2010,Total,87.6
3158102,Santa Maria do Salto - MG,2010,Total,74.2
3158201,Santa Maria do Suaçuí - MG,2010,Total,78.7
3158300,Santana da Vargem - MG,2010,Total,91.8
3158409,Santana de Cataguases - MG,2010,Total,89.6
3158508,Santana de Pirapama - MG,2010,Total,83.9
3158607,Santana do Deserto - MG,2010,Total,91.4
3158706,Santana do Garambéu - MG,2010,Total,84.8
3158805,Santana do Jacaré - MG,2010,Total,86.2
3158904,Santana do Manhuaçu - MG,2010,Total,84.4
3158953,Santana do Paraíso - MG,2010,Total,91.6
3159001,Santana do Riacho - MG,2010,Total,86.1
3159100,Santana dos Montes - MG,2010,Total,90.0
3159209,Santa Rita de Caldas - MG,2010,Total,92.2
3159308,Santa Rita de Jacutinga - MG,2010,Total,88.5
3159357,Santa Rita de Minas - MG,2010,Total,85.3
3159407,Santa Rita de Ibitipoca - MG,2010,Total,84.5
3159506,Santa Rita do Itueto - MG,2010,Total,83.2
3159605,Santa Rita do Sapucaí - MG,2010,Total,92.2
3159704,Santa Rosa da Serra - MG,2010,Total,88.8
3159803,Santa Vitória - MG,2010,Total,88.7
3159902,Santo Antônio do Amparo - MG,2010,Total,88.6
3160009,Santo Antônio do Aventureiro - MG,2010,Total,87.6
3160108,Santo Antônio do Grama - MG,2010,Total,86.3
3160207,Santo Antônio do Itambé - MG,2010,Total,80.1
3160306,Santo Antônio do Jacinto - MG,2010,Total,73.5
3160405,Santo Antônio do Monte - MG,2010,Total,94.2
3160454,Santo Antônio do Retiro - MG,2010,Total,72.7
3160504,Santo Antônio do Rio Abaixo - MG,2010,Total,83.2
3160603,Santo Hipólito - MG,2010,Total,85.2
3160702,Santos Dumont - MG,2010,Total,93.3
3160801,São Bento Abade - MG,2010,Total,88.6
3160900,São Brás do Suaçuí - MG,2010,Total,95.6
3160959,São Domingos das Dores - MG,2010,Total,88.7
3161007,São Domingos do Prata - MG,2010,Total,91.8
3161056,São Félix de Minas - MG,2010,Total,80.0
3161106,São Francisco - MG,2010,Total,84.8
3161205,São Francisco de Paula - MG,2010,Total,87.8
3161304,São Francisco de Sales - MG,2010,Total,90.1
3161403,São Francisco do Glória - MG,2010,Total,86.0
3161502,São Geraldo - MG,2010,Total,90.4
3161601,São Geraldo da Piedade - MG,2010,Total,80.9
3161650,São Geraldo do Baixio - MG,2010,Total,81.2
3161700,São Gonçalo do Abaeté - MG,2010,Total,89.4
3161809,São Gonçalo do Pará - MG,2010,Total,94.0
3161908,São Gonçalo do Rio Abaixo - MG,2010,Total,89.4
3162005,São Gonçalo do Sapucaí - MG,2010,Total,92.6
3162104,São Gotardo - MG,2010,Total,92.6
3162203,São João Batista do Glória - MG,2010,Total,91.1
3162252,São João da Lagoa - MG,2010,Total,86.1
3162302,São João da Mata - MG,2010,Total,89.9
3162401,São João da Ponte - MG,2010,Total,74.6
3162450,São João das Missões - MG,2010,Total,72.7
3162500,São João del Rei - MG,2010,Total,96.3
3162559,São João do Manhuaçu - MG,2010,Total,87.2
3162575,São João do Manteninha - MG,2010,Total,80.5
3162609,São João do Oriente - MG,2010,Total,85.1
3162658,São João do Pacuí - MG,2010,Total,80.3
3162708,São João do Paraíso - MG,2010,Total,75.3
3162807,São João Evangelista - MG,2010,Total,85.4
3162906,São João Nepomuceno - MG,2010,Total,95.0
3162922,São Joaquim de Bicas - MG,2010,Total,92.1
3162948,São José da Barra - MG,2010,Total,94.0
3162955,São José da Lapa - MG,2010,Total,94.9
3163003,São José da Safira - MG,2010,Total,78.8
3163102,São José da Varginha - MG,2010,Total,93.5
3163201,São José do Alegre - MG,2010,Total,91.6
3163300,São José do Divino - MG,2010,Total,81.1
3163409,São José do Goiabal - MG,2010,Total,88.8
3163508,São José do Jacuri - MG,2010,Total,82.1
3163607,São José do Mantimento - MG,2010,Total,85.4
3163706,São Lourenço - MG,2010,Total,96.1
3163805,São Miguel do Anta - MG,2010,Total,84.4
3163904,São Pedro da União - MG,2010,Total,88.4
3164001,São Pedro dos Ferros - MG,2010,Total,85.9
3164100,São Pedro do Suaçuí - MG,2010,Total,82.7
3164209,São Romão - MG,2010,Total,87.2
3164308,São Roque de Minas - MG,2010,Total,90.9
3164407,São Sebastião da Bela Vista - MG,2010,Total,86.7
3164431,São Sebastião da Vargem Alegre - MG,2010,Total,88.8
3164472,São Sebastião do Anta - MG,2010,Total,83.8
3164506,São Sebastião do Maranhão - MG,2010,Total,78.3
3164605,São Sebastião do Oeste - MG,2010,Total,91.1
3164704,São Sebastião do Paraíso - MG,2010,Total,94.1
3164803,São Sebastião do Rio Preto - MG,2010,Total,87.2
3164902,São Sebastião do Rio Verde - MG,2010,Total,90.7
3165008,São Tiago - MG,2010,Total,92.4
3165107,São Tomás de Aquino - MG,2010,Total,89.3
3165206,São Tomé das Letras - MG,2010,Total,88.5
3165305,São Vicente de Minas - MG,2010,Total,93.5
3165404,Sapucaí-Mirim - MG,2010,Total,90.8
3165503,Sardoá - MG,2010,Total,84.4
3165537,Sarzedo - MG,2010,Total,94.7
3165552,Setubinha - MG,2010,Total,72.5
3165560,Sem-Peixe - MG,2010,Total,85.7
3165578,Senador Amaral - MG,2010,Total,88.7
3165602,Senador Cortes - MG,2010,Total,89.3
3165701,Senador Firmino - MG,2010,Total,90.9
3165800,Senador José Bento - MG,2010,Total,89.0
3165909,Senador Modestino Gonçalves - MG,2010,Total,78.7
3166006,Senhora de Oliveira - MG,2010,Total,88.4
3166105,Senhora do Porto - MG,2010,Total,83.1
3166204,Senhora dos Remédios - MG,2010,Total,87.4
3166303,Sericita - MG,2010,Total,84.0
3166402,Seritinga - MG,2010,Total,91.8
3166501,Serra Azul de Minas - MG,2010,Total,76.8
3166600,Serra da Saudade - MG,2010,Total,87.7
3166709,Serra dos Aimorés - MG,2010,Total,82.2
3166808,Serra do Salitre - MG,2010,Total,91.8
3166907,Serrania - MG,2010,Total,87.7
3166956,Serranópolis de Minas - MG,2010,Total,79.0
3167004,Serranos - MG,2010,Total,84.6
3167103,Serro - MG,2010,Total,83.6
3167202,Sete Lagoas - MG,2010,Total,96.3
3167301,Silveirânia - MG,2010,Total,89.4
3167400,Silvianópolis - MG,2010,Total,89.2
3167509,Simão Pereira - MG,2010,Total,89.8
3167608,Simonésia - MG,2010,Total,84.8
3167707,Sobrália - MG,2010,Total,82.2
3167806,Soledade de Minas - MG,2010,Total,91.8
3167905,Tabuleiro - MG,2010,Total,88.2
3168002,Taiobeiras - MG,2010,Total,84.2
3168051,Taparuba - MG,2010,Total,82.9
3168101,Tapira - MG,2010,Total,93.9
3168200,Tapiraí - MG,2010,Total,88.2
3168309,Taquaraçu de Minas - MG,2010,Total,87.1
3168408,Tarumirim - MG,2010,Total,83.8
3168507,Teixeiras - MG,2010,Total,90.6
3168606,Teófilo Otoni - MG,2010,Total,88.2
3168705,Timóteo - MG,2010,Total,95.9
3168804,Tiradentes - MG,2010,Total,94.6
3168903,Tiros - MG,2010,Total,90.3
3169000,Tocantins - MG,2010,Total,91.9
3169059,Tocos do Moji - MG,2010,Total,90.5
3169109,Toledo - MG,2010,Total,85.2
3169208,Tombos - MG,2010,Total,88.6
3169307,Três Corações - MG,2010,Total,93.6
3169356,Três Marias - MG,2010,Total,93.2
3169406,Três Pontas - MG,2010,Total,92.1
3169505,Tumiritinga - MG,2010,Total,84.4
3169604,Tupaciguara - MG,2010,Total,91.3
3169703,Turmalina - MG,2010,Total,86.7
3169802,Turvolândia - MG,2010,Total,89.9
3169901,Ubá - MG,2010,Total,94.6
3170008,Ubaí - MG,2010,Total,82.1
3170057,Ubaporanga - MG,2010,Total,86.7
3170107,Uberaba - MG,2010,Total,96.0
3170206,Uberlândia - MG,2010,Total,96.5
3170305,Umburatiba - MG,2010,Total,75.9
3170404,Unaí - MG,2010,Total,91.9
3170438,União de Minas - MG,2010,Total,87.0
3170479,Uruana de Minas - MG,2010,Total,84.1
3170503,Urucânia - MG,2010,Total,86.2
3170529,Urucuia - MG,2010,Total,88.2
3170578,Vargem Alegre - MG,2010,Total,83.5
3170602,Vargem Bonita - MG,2010,Total,92.6
3170651,Vargem Grande do Rio Pardo - MG,2010,Total,77.7
3170701,Varginha - MG,2010,Total,95.7
3170750,Varjão de Minas - MG,2010,Total,91.9
3170800,Várzea da Palma - MG,2010,Total,89.1
3170909,Varzelândia - MG,2010,Total,78.7
3171006,Vazante - MG,2010,Total,93.2
3171030,Verdelândia - MG,2010,Total,76.2
3171071,Veredinha - MG,2010,Total,80.5
3171105,Veríssimo - MG,2010,Total,88.6
3171154,Vermelho Novo - MG,2010,Total,88.0
3171204,Vespasiano - MG,2010,Total,94.6
3171303,Viçosa - MG,2010,Total,94.8
3171402,Vieiras - MG,2010,Total,86.7
3171501,Mathias Lobato - MG,2010,Total,81.9
3171600,Virgem da Lapa - MG,2010,Total,80.0
3171709,Virgínia - MG,2010,Total,88.6
3171808,Virginópolis - MG,2010,Total,88.4
3171907,Virgolândia - MG,2010,Total,81.0
3172004,Visconde do Rio Branco - MG,2010,Total,91.9
3172103,Volta Grande - MG,2010,Total,88.8
3172202,Wenceslau Braz - MG,2010,Total,94.8
3200102,Afonso Cláudio - ES,2010,Total,86.9
3200136,Águia Branca - ES,2010,Total,86.5
3200169,Água Doce do Norte - ES,2010,Total,82.0
3200201,Alegre - ES,2010,Total,87.5
3200300,Alfredo Chaves - ES,2010,Total,92.6
3200359,Alto Rio Novo - ES,2010,Total,84.8
3200409,Anchieta - ES,2010,Total,93.8
3200508,Apiacá - ES,2010,Total,85.9
3200607,Aracruz - ES,2010,Total,93.3
3200706,Atílio Vivácqua - ES,2010,Total,90.4
3200805,Baixo Guandu - ES,2010,Total,88.0
3200904,Barra de São Francisco - ES,2010,Total,85.7
3201001,Boa Esperança - ES,2010,Total,85.0
3201100,Bom Jesus do Norte - ES,2010,Total,91.5
3201159,Brejetuba - ES,2010,Total,83.2
3201209,Cachoeiro de Itapemirim - ES,2010,Total,94.6
3201308,Cariacica - ES,2010,Total,94.3
3201407,Castelo - ES,2010,Total,92.2
3201506,Colatina - ES,2010,Total,92.8
3201605,Conceição da Barra - ES,2010,Total,86.5
3201704,Conceição do Castelo - ES,2010,Total,88.9
3201803,Divino de São Lourenço - ES,2010,Total,86.5
3201902,Domingos Martins - ES,2010,Total,90.0
3202009,Dores do Rio Preto - ES,2010,Total,84.0
3202108,Ecoporanga - ES,2010,Total,81.7
3202207,Fundão - ES,2010,Total,91.3
3202256,Governador Lindenberg - ES,2010,Total,89.5
3202306,Guaçuí - ES,2010,Total,88.1
3202405,Guarapari - ES,2010,Total,93.9
3202454,Ibatiba - ES,2010,Total,83.9
3202504,Ibiraçu - ES,2010,Total,92.5
3202553,Ibitirama - ES,2010,Total,82.8
3202603,Iconha - ES,2010,Total,92.2
3202652,Irupi - ES,2010,Total,83.1
3202702,Itaguaçu - ES,2010,Total,87.6
3202801,Itapemirim - ES,2010,Total,89.3
3202900,Itarana - ES,2010,Total,90.8
3203007,Iúna - ES,2010,Total,86.2
3203056,Jaguaré - ES,2010,Total,87.6
3203106,Jerônimo Monteiro - ES,2010,Total,87.9
3203130,João Neiva - ES,2010,Total,92.8
3203163,Laranja da Terra - ES,2010,Total,87.8
3203205,Linhares - ES,2010,Total,91.2
3203304,Mantenópolis - ES,2010,Total,83.4
3203320,Marataízes - ES,2010,Total,91.0
3203346,Marechal Floriano - ES,2010,Total,91.2
3203353,Marilândia - ES,2010,Total,88.8
3203403,Mimoso do Sul - ES,2010,Total,88.1
3203502,Montanha - ES,2010,Total,84.2
3203601,Mucurici - ES,2010,Total,81.9
3203700,Muniz Freire - ES,2010,Total,86.8
3203809,Muqui - ES,2010,Total,89.4
3203908,Nova Venécia - ES,2010,Total,89.7
3204005,Pancas - ES,2010,Total,84.2
3204054,Pedro Canário - ES,2010,Total,83.8
3204104,Pinheiros - ES,2010,Total,84.5
3204203,Piúma - ES,2010,Total,93.0
3204252,Ponto Belo - ES,2010,Total,80.4
3204302,Presidente Kennedy - ES,2010,Total,84.5
3204351,Rio Bananal - ES,2010,Total,87.8
3204401,Rio Novo do Sul - ES,2010,Total,91.5
3204500,Santa Leopoldina - ES,2010,Total,87.8
3204559,Santa Maria de Jetibá - ES,2010,Total,90.1
3204609,Santa Teresa - ES,2010,Total,90.9
3204658,São Domingos do Norte - ES,2010,Total,88.8
3204708,São Gabriel da Palha - ES,2010,Total,90.3
3204807,São José do Calçado - ES,2010,Total,88.6
3204906,São Mateus - ES,2010,Total,91.2
3204955,São Roque do Canaã - ES,2010,Total,91.1
3205002,Serra - ES,2010,Total,94.8
3205010,Sooretama - ES,2010,Total,86.9
3205036,Vargem Alta - ES,2010,Total,89.7
3205069,Venda Nova do Imigrante - ES,2010,Total,92.2
3205101,Viana - ES,2010,Total,93.4
3205150,Vila Pavão - ES,2010,Total,87.0
3205176,Vila Valério - ES,2010,Total,87.2
3205200,Vila Velha - ES,2010,Total,96.6
3205309,Vitória - ES,2010,Total,97.1
3300100,Angra dos Reis - RJ,2010,Total,95.2
3300159,Aperibé - RJ,2010,Total,90.1
3300209,Araruama - RJ,2010,Total,93.1
3300225,Areal - RJ,2010,Total,93.2
3300233,Armação dos Búzios - RJ,2010,Total,95.8
3300258,Arraial do Cabo - RJ,2010,Total,95.8
3300308,Barra do Piraí - RJ,2010,Total,95.7
3300407,Barra Mansa - RJ,2010,Total,96.3
3300456,Belford Roxo - RJ,2010,Total,95.3
3300506,Bom Jardim - RJ,2010,Total,90.2
3300605,Bom Jesus do Itabapoana - RJ,2010,Total,90.9
3300704,Cabo Frio - RJ,2010,Total,95.3
3300803,Cachoeiras de Macacu - RJ,2010,Total,91.4
3300902,Cambuci - RJ,2010,Total,88.3
3300936,Carapebus - RJ,2010,Total,92.1
3300951,Comendador Levy Gasparian - RJ,2010,Total,93.2
3301009,Campos dos Goytacazes - RJ,2010,Total,93.5
3301108,Cantagalo - RJ,2010,Total,91.3
3301157,Cardoso Moreira - RJ,2010,Total,85.9
3301207,Carmo - RJ,2010,Total,90.7
3301306,Casimiro de Abreu - RJ,2010,Total,93.6
3301405,Conceição de Macabu - RJ,2010,Total,91.0
3301504,Cordeiro - RJ,2010,Total,94.5
3301603,Duas Barras - RJ,2010,Total,89.2
3301702,Duque de Caxias - RJ,2010,Total,95.3
3301801,Engenheiro Paulo de Frontin - RJ,2010,Total,94.6
3301850,Guapimirim - RJ,2010,Total,93.0
3301876,Iguaba Grande - RJ,2010,Total,96.0
3301900,Itaboraí - RJ,2010,Total,93.9
3302007,Itaguaí - RJ,2010,Total,94.9
3302056,Italva - RJ,2010,Total,89.7
3302106,Itaocara - RJ,2010,Total,89.7
3302205,Itaperuna - RJ,2010,Total,92.9
3302254,Itatiaia - RJ,2010,Total,94.5
3302270,Japeri - RJ,2010,Total,93.3
3302304,Laje do Muriaé - RJ,2010,Total,87.5
3302403,Macaé - RJ,2010,Total,96.0
3302452,Macuco - RJ,2010,Total,92.7
3302502,Magé - RJ,2010,Total,94.5
3302601,Mangaratiba - RJ,2010,Total,96.2
3302700,Maricá - RJ,2010,Total,95.7
3302809,Mendes - RJ,2010,Total,94.8
3302858,Mesquita - RJ,2010,Total,96.7
3302908,Miguel Pereira - RJ,2010,Total,93.7
3303005,Miracema - RJ,2010,Total,90.0
3303104,Natividade - RJ,2010,Total,89.6
3303203,Nilópolis - RJ,2010,Total,97.9
3303302,Niterói - RJ,2010,Total,97.8
3303401,Nova Friburgo - RJ,2010,Total,95.3
3303500,Nova Iguaçu - RJ,2010,Total,95.5
3303609,Paracambi - RJ,2010,Total,94.9
3303708,Paraíba do Sul - RJ,2010,Total,94.4
3303807,Paraty - RJ,2010,Total,92.3
3303856,Paty do Alferes - RJ,2010,Total,88.8
3303906,Petrópolis - RJ,2010,Total,96.3
3303955,Pinheiral - RJ,2010,Total,95.1
3304003,Piraí - RJ,2010,Total,93.3
3304102,Porciúncula - RJ,2010,Total,89.4
3304110,Porto Real - RJ,2010,Total,94.2
3304128,Quatis - RJ,2010,Total,93.8
3304144,Queimados - RJ,2010,Total,94.5
3304151,Quissamã - RJ,2010,Total,92.0
3304201,Resende - RJ,2010,Total,96.0
3304300,Rio Bonito - RJ,2010,Total,92.8
3304409,Rio Claro - RJ,2010,Total,90.7
3304508,Rio das Flores - RJ,2010,Total,92.1
3304524,Rio das Ostras - RJ,2010,Total,96.5
3304557,Rio de Janeiro - RJ,2010,Total,97.2
3304607,Santa Maria Madalena - RJ,2010,Total,87.7
3304706,Santo Antônio de Pádua - RJ,2010,Total,91.5
3304755,São Francisco de Itabapoana - RJ,2010,Total,82.8
3304805,São Fidélis - RJ,2010,Total,90.5
3304904,São Gonçalo - RJ,2010,Total,96.6
3305000,São João da Barra - RJ,2010,Total,90.8
3305109,São João de Meriti - RJ,2010,Total,96.7
3305133,São José de Ubá - RJ,2010,Total,86.5
3305158,São José do Vale do Rio Preto - RJ,2010,Total,90.8
3305208,São Pedro da Aldeia - RJ,2010,Total,94.3
3305307,São Sebastião do Alto - RJ,2010,Total,86.6
3305406,Sapucaia - RJ,2010,Total,90.5
3305505,Saquarema - RJ,2010,Total,94.2
3305554,Seropédica - RJ,2010,Total,94.4
3305604,Silva Jardim - RJ,2010,Total,87.9
3305703,Sumidouro - RJ,2010,Total,85.4
3305752,Tanguá - RJ,2010,Total,91.8
3305802,Teresópolis - RJ,2010,Total,94.0
3305901,Trajano de Moraes - RJ,2010,Total,86.7
3306008,Três Rios - RJ,2010,Total,94.9
3306107,Valença - RJ,2010,Total,94.4
3306156,Varre-Sai - RJ,2010,Total,89.4
3306206,Vassouras - RJ,2010,Total,92.8
3306305,Volta Redonda - RJ,2010,Total,96.9
3500105,Adamantina - SP,2010,Total,94.0
3500204,Adolfo - SP,2010,Total,92.5
3500303,Aguaí - SP,2010,Total,92.8
3500402,Águas da Prata - SP,2010,Total,94.3
3500501,Águas de Lindóia - SP,2010,Total,94.5
3500550,Águas de Santa Bárbara - SP,2010,Total,95.4
3500600,Águas de São Pedro - SP,2010,Total,98.5
3500709,Agudos - SP,2010,Total,95.1
3500758,Alambari - SP,2010,Total,94.0
3500808,Alfredo Marcondes - SP,2010,Total,90.5
3500907,Altair - SP,2010,Total,90.5
3501004,Altinópolis - SP,2010,Total,94.3
3501103,Alto Alegre - SP,2010,Total,91.8
3501152,Alumínio - SP,2010,Total,95.8
3501202,Álvares Florence - SP,2010,Total,91.4
3501301,Álvares Machado - SP,2010,Total,93.6
3501400,Álvaro de Carvalho - SP,2010,Total,91.7
3501509,Alvinlândia - SP,2010,Total,90.4
3501608,Americana - SP,2010,Total,97.4
3501707,Américo Brasiliense - SP,2010,Total,93.7
3501806,Américo de Campos - SP,2010,Total,92.9
3501905,Amparo - SP,2010,Total,95.6
3502002,Analândia - SP,2010,Total,93.9
3502101,Andradina - SP,2010,Total,94.5
3502200,Angatuba - SP,2010,Total,93.9
3502309,Anhembi - SP,2010,Total,94.1
3502408,Anhumas - SP,2010,Total,92.7
3502507,Aparecida - SP,2010,Total,96.8
3502606,Aparecida d'Oeste - SP,2010,Total,88.9
3502705,Apiaí - SP,2010,Total,93.1
3502754,Araçariguama - SP,2010,Total,93.8
3502804,Araçatuba - SP,2010,Total,96.4
3502903,Araçoiaba da Serra - SP,2010,Total,95.4
3503000,Aramina - SP,2010,Total,94.2
3503109,Arandu - SP,2010,Total,92.0
3503158,Arapeí - SP,2010,Total,93.0
3503208,Araraquara - SP,2010,Total,96.6
3503307,Araras - SP,2010,Total,95.6
3503356,Arco-Íris - SP,2010,Total,85.8
3503406,Arealva - SP,2010,Total,93.1
3503505,Areias - SP,2010,Total,92.3
3503604,Areiópolis - SP,2010,Total,90.6
3503703,Ariranha - SP,2010,Total,92.7
3503802,Artur Nogueira - SP,2010,Total,94.9
3503901,Arujá - SP,2010,Total,95.5
3503950,Aspásia - SP,2010,Total,88.4
3504008,Assis - SP,2010,Total,96.2
3504107,Atibaia - SP,2010,Total,95.4
3504206,Auriflama - SP,2010,Total,93.1
3504305,Avaí - SP,2010,Total,92.8
3504404,Avanhandava - SP,2010,Total,92.8
3504503,Avaré - SP,2010,Total,95.5
3504602,Bady Bassitt - SP,2010,Total,96.3
3504701,Balbinos - SP,2010,Total,94.0
3504800,Bálsamo - SP,2010,Total,92.9
3504909,Bananal - SP,2010,Total,92.6
3505005,Barão de Antonina - SP,2010,Total,91.5
3505104,Barbosa - SP,2010,Total,90.9
3505203,Bariri - SP,2010,Total,94.6
3505302,Barra Bonita - SP,2010,Total,94.8
3505351,Barra do Chapéu - SP,2010,Total,89.2
3505401,Barra do Turvo - SP,2010,Total,84.8
3505500,Barretos - SP,2010,Total,96.1
3505609,Barrinha - SP,2010,Total,92.2
3505708,Barueri - SP,2010,Total,96.2
3505807,Bastos - SP,2010,Total,93.7
3505906,Batatais - SP,2010,Total,95.3
3506003,Bauru - SP,2010,Total,97.0
3506102,Bebedouro - SP,2010,Total,95.4
3506201,Bento de Abreu - SP,2010,Total,92.7
3506300,Bernardino de Campos - SP,2010,Total,94.3
3506359,Bertioga - SP,2010,Total,95.0
3506409,Bilac - SP,2010,Total,92.8
3506508,Birigui - SP,2010,Total,95.8
3506607,Biritiba Mirim - SP,2010,Total,92.0
3506706,Boa Esperança do Sul - SP,2010,Total,90.2
3506805,Bocaina - SP,2010,Total,94.1
3506904,Bofete - SP,2010,Total,92.5
3507001,Boituva - SP,2010,Total,95.4
3507100,Bom Jesus dos Perdões - SP,2010,Total,94.2
3507159,Bom Sucesso de Itararé - SP,2010,Total,90.0
3507209,Borá - SP,2010,Total,91.1
3507308,Boracéia - SP,2010,Total,93.1
3507407,Borborema - SP,2010,Total,92.4
3507456,Borebi - SP,2010,Total,91.5
3507506,Botucatu - SP,2010,Total,96.1
3507605,Bragança Paulista - SP,2010,Total,95.9
3507704,Braúna - SP,2010,Total,91.7
3507753,Brejo Alegre - SP,2010,Total,89.6
3507803,Brodowski - SP,2010,Total,96.2
3507902,Brotas - SP,2010,Total,93.9
3508009,Buri - SP,2010,Total,91.5
3508108,Buritama - SP,2010,Total,91.9
3508207,Buritizal - SP,2010,Total,94.6
3508306,Cabrália Paulista - SP,2010,Total,91.2
3508405,Cabreúva - SP,2010,Total,94.4
3508504,Caçapava - SP,2010,Total,96.1
3508603,Cachoeira Paulista - SP,2010,Total,96.1
3508702,Caconde - SP,2010,Total,92.9
3508801,Cafelândia - SP,2010,Total,93.4
3508900,Caiabu - SP,2010,Total,88.5
3509007,Caieiras - SP,2010,Total,96.3
3509106,Caiuá - SP,2010,Total,89.4
3509205,Cajamar - SP,2010,Total,95.2
3509254,Cajati - SP,2010,Total,91.2
3509304,Cajobi - SP,2010,Total,92.7
3509403,Cajuru - SP,2010,Total,94.5
3509452,Campina do Monte Alegre - SP,2010,Total,92.4
3509502,Campinas - SP,2010,Total,96.9
3509601,Campo Limpo Paulista - SP,2010,Total,96.1
3509700,Campos do Jordão - SP,2010,Total,95.9
3509809,Campos Novos Paulista - SP,2010,Total,91.0
3509908,Cananéia - SP,2010,Total,93.2
3509957,Canas - SP,2010,Total,94.1
3510005,Cândido Mota - SP,2010,Total,93.5
3510104,Cândido Rodrigues - SP,2010,Total,91.9
3510153,Canitar - SP,2010,Total,90.8
3510203,Capão Bonito - SP,2010,Total,91.8
3510302,Capela do Alto - SP,2010,Total,93.5
3510401,Capivari - SP,2010,Total,95.3
3510500,Caraguatatuba - SP,2010,Total,95.6
3510609,Carapicuíba - SP,2010,Total,95.8
3510708,Cardoso - SP,2010,Total,91.5
3510807,Casa Branca - SP,2010,Total,93.8
3510906,Cássia dos Coqueiros - SP,2010,Total,90.7
3511003,Castilho - SP,2010,Total,92.0
3511102,Catanduva - SP,2010,Total,95.6
3511201,Catiguá - SP,2010,Total,91.6
3511300,Cedral - SP,2010,Total,94.0
3511409,Cerqueira César - SP,2010,Total,93.8
3511508,Cerquilho - SP,2010,Total,96.7
3511607,Cesário Lange - SP,2010,Total,94.9
3511706,Charqueada - SP,2010,Total,93.5
3511904,Clementina - SP,2010,Total,91.4
3512001,Colina - SP,2010,Total,94.2
3512100,Colômbia - SP,2010,Total,90.9
3512209,Conchal - SP,2010,Total,91.2
3512308,Conchas - SP,2010,Total,94.8
3512407,Cordeirópolis - SP,2010,Total,95.6
3512506,Coroados - SP,2010,Total,93.7
3512605,Coronel Macedo - SP,2010,Total,88.6
3512704,Corumbataí - SP,2010,Total,93.5
3512803,Cosmópolis - SP,2010,Total,95.5
3512902,Cosmorama - SP,2010,Total,91.4
3513009,Cotia - SP,2010,Total,95.8
3513108,Cravinhos - SP,2010,Total,93.9
3513207,Cristais Paulista - SP,2010,Total,92.5
3513306,Cruzália - SP,2010,Total,92.8
3513405,Cruzeiro - SP,2010,Total,97.3
3513504,Cubatão - SP,2010,Total,95.0
3513603,Cunha - SP,2010,Total,90.4
3513702,Descalvado - SP,2010,Total,94.8
3513801,Diadema - SP,2010,Total,95.9
3513850,Dirce Reis - SP,2010,Total,86.9
3513900,Divinolândia - SP,2010,Total,92.9
3514007,Dobrada - SP,2010,Total,86.1
3514106,Dois Córregos - SP,2010,Total,92.3
3514205,Dolcinópolis - SP,2010,Total,88.7
3514304,Dourado - SP,2010,Total,92.7
3514403,Dracena - SP,2010,Total,94.5
3514502,Duartina - SP,2010,Total,93.6
3514601,Dumont - SP,2010,Total,93.1
3514700,Echaporã - SP,2010,Total,91.1
3514809,Eldorado - SP,2010,Total,90.0
3514908,Elias Fausto - SP,2010,Total,93.3
3514924,Elisiário - SP,2010,Total,90.9
3514957,Embaúba - SP,2010,Total,92.5
3515004,Embu das Artes - SP,2010,Total,95.3
3515103,Embu-Guaçu - SP,2010,Total,94.4
3515129,Emilianópolis - SP,2010,Total,89.4
3515152,Engenheiro Coelho - SP,2010,Total,91.9
3515186,Espírito Santo do Pinhal - SP,2010,Total,94.7
3515194,Espírito Santo do Turvo - SP,2010,Total,91.9
3515202,Estrela d'Oeste - SP,2010,Total,92.4
3515301,Estrela do Norte - SP,2010,Total,91.5
3515350,Euclides da Cunha Paulista - SP,2010,Total,87.7
3515400,Fartura - SP,2010,Total,94.0
3515509,Fernandópolis - SP,2010,Total,94.4
3515608,Fernando Prestes - SP,2010,Total,92.7
3515657,Fernão - SP,2010,Total,91.8
3515707,Ferraz de Vasconcelos - SP,2010,Total,95.4
3515806,Flora Rica - SP,2010,Total,86.8
3515905,Floreal - SP,2010,Total,91.8
3516002,Flórida Paulista - SP,2010,Total,91.5
3516101,Florínea - SP,2010,Total,91.5
3516200,Franca - SP,2010,Total,96.8
3516309,Francisco Morato - SP,2010,Total,93.6
3516408,Franco da Rocha - SP,2010,Total,94.5
3516507,Gabriel Monteiro - SP,2010,Total,91.6
3516606,Gália - SP,2010,Total,90.1
3516705,Garça - SP,2010,Total,93.2
3516804,Gastão Vidigal - SP,2010,Total,91.1
3516853,Gavião Peixoto - SP,2010,Total,91.7
3516903,General Salgado - SP,2010,Total,92.6
3517000,Getulina - SP,2010,Total,92.4
3517109,Glicério - SP,2010,Total,91.9
3517208,Guaiçara - SP,2010,Total,93.8
3517307,Guaimbê - SP,2010,Total,89.8
3517406,Guaíra - SP,2010,Total,94.8
3517505,Guapiaçu - SP,2010,Total,93.4
3517604,Guapiara - SP,2010,Total,88.8
3517703,Guará - SP,2010,Total,91.3
3517802,Guaraçaí - SP,2010,Total,91.7
3517901,Guaraci - SP,2010,Total,92.3
3518008,Guarani d'Oeste - SP,2010,Total,89.7
3518107,Guarantã - SP,2010,Total,90.7
3518206,Guararapes - SP,2010,Total,93.7
3518305,Guararema - SP,2010,Total,93.4
3518404,Guaratinguetá - SP,2010,Total,97.2
3518503,Guareí - SP,2010,Total,93.2
3518602,Guariba - SP,2010,Total,90.9
3518701,Guarujá - SP,2010,Total,95.2
3518800,Guarulhos - SP,2010,Total,96.1
3518859,Guatapará - SP,2010,Total,90.9
3518909,Guzolândia - SP,2010,Total,87.6
3519006,Herculândia - SP,2010,Total,91.8
3519055,Holambra - SP,2010,Total,94.9
3519071,Hortolândia - SP,2010,Total,95.7
3519105,Iacanga - SP,2010,Total,93.6
3519204,Iacri - SP,2010,Total,90.9
3519253,Iaras - SP,2010,Total,94.5
3519303,Ibaté - SP,2010,Total,93.2
3519402,Ibirá - SP,2010,Total,92.0
3519501,Ibirarema - SP,2010,Total,93.6
3519600,Ibitinga - SP,2010,Total,94.8
3519709,Ibiúna - SP,2010,Total,92.0
3519808,Icém - SP,2010,Total,93.5
3519907,Iepê - SP,2010,Total,92.4
3520004,Igaraçu do Tietê - SP,2010,Total,91.2
3520103,Igarapava - SP,2010,Total,92.4
3520202,Igaratá - SP,2010,Total,90.9
3520301,Iguape - SP,2010,Total,92.6
3520400,Ilhabela - SP,2010,Total,95.1
3520426,Ilha Comprida - SP,2010,Total,95.1
3520442,Ilha Solteira - SP,2010,Total,96.0
3520509,Indaiatuba - SP,2010,Total,96.8
3520608,Indiana - SP,2010,Total,93.7
3520707,Indiaporã - SP,2010,Total,89.3
3520806,Inúbia Paulista - SP,2010,Total,91.1
3520905,Ipaussu - SP,2010,Total,93.5
3521002,Iperó - SP,2010,Total,95.2
3521101,Ipeúna - SP,2010,Total,94.6
3521150,Ipiguá - SP,2010,Total,93.6
3521200,Iporanga - SP,2010,Total,88.9
3521309,Ipuã - SP,2010,Total,91.5
3521408,Iracemápolis - SP,2010,Total,96.8
3521507,Irapuã - SP,2010,Total,90.7
3521606,Irapuru - SP,2010,Total,91.9
3521705,Itaberá - SP,2010,Total,92.2
3521804,Itaí - SP,2010,Total,92.4
3521903,Itajobi - SP,2010,Total,92.8
3522000,Itaju - SP,2010,Total,93.0
3522109,Itanhaém - SP,2010,Total,94.6
3522158,Itaoca - SP,2010,Total,86.2
3522208,Itapecerica da Serra - SP,2010,Total,94.8
3522307,Itapetininga - SP,2010,Total,95.8
3522406,Itapeva - SP,2010,Total,94.3
3522505,Itapevi - SP,2010,Total,95.0
3522604,Itapira - SP,2010,Total,94.6
3522653,Itapirapuã Paulista - SP,2010,Total,88.6
3522703,Itápolis - SP,2010,Total,93.4
3522802,Itaporanga - SP,2010,Total,90.1
3522901,Itapuí - SP,2010,Total,94.3
3523008,Itapura - SP,2010,Total,89.6
3523107,Itaquaquecetuba - SP,2010,Total,94.7
3523206,Itararé - SP,2010,Total,94.1
3523305,Itariri - SP,2010,Total,91.7
3523404,Itatiba - SP,2010,Total,96.4
3523503,Itatinga - SP,2010,Total,92.7
3523602,Itirapina - SP,2010,Total,92.1
3523701,Itirapuã - SP,2010,Total,92.4
3523800,Itobi - SP,2010,Total,92.3
3523909,Itu - SP,2010,Total,95.8
3524006,Itupeva - SP,2010,Total,95.7
3524105,Ituverava - SP,2010,Total,93.9
3524204,Jaborandi - SP,2010,Total,92.8
3524303,Jaboticabal - SP,2010,Total,95.4
3524402,Jacareí - SP,2010,Total,96.4
3524501,Jaci - SP,2010,Total,91.4
3524600,Jacupiranga - SP,2010,Total,91.5
3524709,Jaguariúna - SP,2010,Total,96.0
3524808,Jales - SP,2010,Total,94.6
3524907,Jambeiro - SP,2010,Total,93.4
3525003,Jandira - SP,2010,Total,95.8
3525102,Jardinópolis - SP,2010,Total,94.9
3525201,Jarinu - SP,2010,Total,93.4
3525300,Jaú - SP,2010,Total,95.6
3525409,Jeriquara - SP,2010,Total,91.0
3525508,Joanópolis - SP,2010,Total,92.7
3525607,João Ramalho - SP,2010,Total,89.7
3525706,José Bonifácio - SP,2010,Total,94.5
3525805,Júlio Mesquita - SP,2010,Total,89.1
3525854,Jumirim - SP,2010,Total,94.0
3525904,Jundiaí - SP,2010,Total,97.1
3526001,Junqueirópolis - SP,2010,Total,92.5
3526100,Juquiá - SP,2010,Total,90.1
3526209,Juquitiba - SP,2010,Total,90.3
3526308,Lagoinha - SP,2010,Total,90.4
3526407,Laranjal Paulista - SP,2010,Total,95.6
3526506,Lavínia - SP,2010,Total,85.9
3526605,Lavrinhas - SP,2010,Total,94.3
3526704,Leme - SP,2010,Total,93.2
3526803,Lençóis Paulista - SP,2010,Total,95.3
3526902,Limeira - SP,2010,Total,96.2
3527009,Lindóia - SP,2010,Total,94.6
3527108,Lins - SP,2010,Total,95.3
3527207,Lorena - SP,2010,Total,96.5
3527256,Lourdes - SP,2010,Total,89.7
3527306,Louveira - SP,2010,Total,96.0
3527405,Lucélia - SP,2010,Total,94.4
3527504,Lucianópolis - SP,2010,Total,93.1
3527603,Luís Antônio - SP,2010,Total,94.5
3527702,Luiziânia - SP,2010,Total,88.8
3527801,Lupércio - SP,2010,Total,90.0
3527900,Lutécia - SP,2010,Total,91.4
3528007,Macatuba - SP,2010,Total,92.4
3528106,Macaubal - SP,2010,Total,92.6
3528205,Macedônia - SP,2010,Total,90.7
3528304,Magda - SP,2010,Total,90.6
3528403,Mairinque - SP,2010,Total,95.0
3528502,Mairiporã - SP,2010,Total,95.4
3528601,Manduri - SP,2010,Total,94.6
3528700,Marabá Paulista - SP,2010,Total,90.2
3528809,Maracaí - SP,2010,Total,92.5
3528858,Marapoama - SP,2010,Total,93.6
3528908,Mariápolis - SP,2010,Total,92.2
3529005,Marília - SP,2010,Total,96.2
3529104,Marinópolis - SP,2010,Total,90.5
3529203,Martinópolis - SP,2010,Total,93.0
3529302,Matão - SP,2010,Total,94.6
3529401,Mauá - SP,2010,Total,96.3
3529500,Mendonça - SP,2010,Total,93.6
3529609,Meridiano - SP,2010,Total,91.7
3529658,Mesópolis - SP,2010,Total,87.7
3529708,Miguelópolis - SP,2010,Total,90.9
3529807,Mineiros do Tietê - SP,2010,Total,93.2
3529906,Miracatu - SP,2010,Total,90.8
3530003,Mira Estrela - SP,2010,Total,90.4
3530102,Mirandópolis - SP,2010,Total,93.2
3530201,Mirante do Paranapanema - SP,2010,Total,88.5
3530300,Mirassol - SP,2010,Total,95.7
3530409,Mirassolândia - SP,2010,Total,91.8
3530508,Mococa - SP,2010,Total,94.5
3530607,Mogi das Cruzes - SP,2010,Total,96.3
3530706,Mogi Guaçu - SP,2010,Total,96.0
3530805,Mogi Mirim - SP,2010,Total,95.8
3530904,Mombuca - SP,2010,Total,91.7
3531001,Monções - SP,2010,Total,91.8
3531100,Mongaguá - SP,2010,Total,95.4
3531209,Monte Alegre do Sul - SP,2010,Total,94.5
3531308,Monte Alto - SP,2010,Total,95.2
3531407,Monte Aprazível - SP,2010,Total,94.6
3531506,Monte Azul Paulista - SP,2010,Total,92.5
3531605,Monte Castelo - SP,2010,Total,89.0
3531704,Monteiro Lobato - SP,2010,Total,90.5
3531803,Monte Mor - SP,2010,Total,93.5
3531902,Morro Agudo - SP,2010,Total,92.2
3532009,Morungaba - SP,2010,Total,94.7
3532058,Motuca - SP,2010,Total,93.1
3532108,Murutinga do Sul - SP,2010,Total,92.2
3532157,Nantes - SP,2010,Total,88.0
3532207,Narandiba - SP,2010,Total,89.9
3532306,Natividade da Serra - SP,2010,Total,85.0
3532405,Nazaré Paulista - SP,2010,Total,89.8
3532504,Neves Paulista - SP,2010,Total,93.3
3532603,Nhandeara - SP,2010,Total,93.1
3532702,Nipoã - SP,2010,Total,92.2
3532801,Nova Aliança - SP,2010,Total,94.6
3532827,Nova Campina - SP,2010,Total,91.7
3532843,Nova Canaã Paulista - SP,2010,Total,89.5
3532868,Nova Castilho - SP,2010,Total,92.2
3532900,Nova Europa - SP,2010,Total,93.4
3533007,Nova Granada - SP,2010,Total,93.6
3533106,Nova Guataporanga - SP,2010,Total,88.4
3533205,Nova Independência - SP,2010,Total,93.0
3533254,Novais - SP,2010,Total,89.8
3533304,Nova Luzitânia - SP,2010,Total,88.9
3533403,Nova Odessa - SP,2010,Total,96.6
3533502,Novo Horizonte - SP,2010,Total,93.0
3533601,Nuporanga - SP,2010,Total,94.7
3533700,Ocauçu - SP,2010,Total,91.6
3533809,Óleo - SP,2010,Total,94.5
3533908,Olímpia - SP,2010,Total,94.8
3534005,Onda Verde - SP,2010,Total,92.3
3534104,Oriente - SP,2010,Total,94.0
3534203,Orindiúva - SP,2010,Total,93.8
3534302,Orlândia - SP,2010,Total,95.2
3534401,Osasco - SP,2010,Total,96.6
3534500,Oscar Bressane - SP,2010,Total,90.9
3534609,Osvaldo Cruz - SP,2010,Total,93.9
3534708,Ourinhos - SP,2010,Total,95.4
3534757,Ouroeste - SP,2010,Total,91.5
3534807,Ouro Verde - SP,2010,Total,87.9
3534906,Pacaembu - SP,2010,Total,91.8
3535002,Palestina - SP,2010,Total,92.2
3535101,Palmares Paulista - SP,2010,Total,89.9
3535200,Palmeira d'Oeste - SP,2010,Total,91.9
3535309,Palmital - SP,2010,Total,94.8
3535408,Panorama - SP,2010,Total,92.0
3535507,Paraguaçu Paulista - SP,2010,Total,93.8
3535606,Paraibuna - SP,2010,Total,91.6
3535705,Paraíso - SP,2010,Total,91.5
3535804,Paranapanema - SP,2010,Total,91.9
3535903,Paranapuã - SP,2010,Total,89.9
3536000,Parapuã - SP,2010,Total,91.9
3536109,Pardinho - SP,2010,Total,92.9
3536208,Pariquera-Açu - SP,2010,Total,93.7
3536257,Parisi - SP,2010,Total,90.5
3536307,Patrocínio Paulista - SP,2010,Total,93.7
3536406,Paulicéia - SP,2010,Total,91.1
3536505,Paulínia - SP,2010,Total,96.7
3536570,Paulistânia - SP,2010,Total,90.7
3536604,Paulo de Faria - SP,2010,Total,90.7
3536703,Pederneiras - SP,2010,Total,93.9
3536802,Pedra Bela - SP,2010,Total,89.3
3536901,Pedranópolis - SP,2010,Total,90.9
3537008,Pedregulho - SP,2010,Total,93.1
3537107,Pedreira - SP,2010,Total,95.7
3537156,Pedrinhas Paulista - SP,2010,Total,93.4
3537206,Pedro de Toledo - SP,2010,Total,90.8
3537305,Penápolis - SP,2010,Total,94.9
3537404,Pereira Barreto - SP,2010,Total,92.2
3537503,Pereiras - SP,2010,Total,94.0
3537602,Peruíbe - SP,2010,Total,94.4
3537701,Piacatu - SP,2010,Total,89.9
3537800,Piedade - SP,2010,Total,92.1
3537909,Pilar do Sul - SP,2010,Total,93.3
3538006,Pindamonhangaba - SP,2010,Total,96.4
3538105,Pindorama - SP,2010,Total,92.3
3538204,Pinhalzinho - SP,2010,Total,93.1
3538303,Piquerobi - SP,2010,Total,89.4
3538501,Piquete - SP,2010,Total,95.5
3538600,Piracaia - SP,2010,Total,92.8
3538709,Piracicaba - SP,2010,Total,97.0
3538808,Piraju - SP,2010,Total,94.5
3538907,Pirajuí - SP,2010,Total,92.9
3539004,Pirangi - SP,2010,Total,92.6
3539103,Pirapora do Bom Jesus - SP,2010,Total,94.6
3539202,Pirapozinho - SP,2010,Total,93.0
3539301,Pirassununga - SP,2010,Total,96.2
3539400,Piratininga - SP,2010,Total,94.7
3539509,Pitangueiras - SP,2010,Total,92.6
3539608,Planalto - SP,2010,Total,90.9
3539707,Platina - SP,2010,Total,90.9
3539806,Poá - SP,2010,Total,96.9
3539905,Poloni - SP,2010,Total,91.1
3540002,Pompéia - SP,2010,Total,95.3
3540101,Pongaí - SP,2010,Total,91.9
3540200,Pontal - SP,2010,Total,91.2
3540259,Pontalinda - SP,2010,Total,87.6
3540309,Pontes Gestal - SP,2010,Total,90.2
3540408,Populina - SP,2010,Total,87.9
3540507,Porangaba - SP,2010,Total,93.4
3540606,Porto Feliz - SP,2010,Total,95.1
3540705,Porto Ferreira - SP,2010,Total,95.0
3540754,Potim - SP,2010,Total,95.6
3540804,Potirendaba - SP,2010,Total,93.5
3540853,Pracinha - SP,2010,Total,94.0
3540903,Pradópolis - SP,2010,Total,91.8
3541000,Praia Grande - SP,2010,Total,96.1
3541059,Pratânia - SP,2010,Total,93.4
3541109,Presidente Alves - SP,2010,Total,90.8
3541208,Presidente Bernardes - SP,2010,Total,93.0
3541307,Presidente Epitácio - SP,2010,Total,93.7
3541406,Presidente Prudente - SP,2010,Total,96.3
3541505,Presidente Venceslau - SP,2010,Total,93.8
3541604,Promissão - SP,2010,Total,94.8
3541653,Quadra - SP,2010,Total,91.5
3541703,Quatá - SP,2010,Total,92.7
3541802,Queiroz - SP,2010,Total,88.3
3541901,Queluz - SP,2010,Total,94.0
3542008,Quintana - SP,2010,Total,91.2
3542107,Rafard - SP,2010,Total,95.5
3542206,Rancharia - SP,2010,Total,93.2
3542305,Redenção da Serra - SP,2010,Total,90.6
3542404,Regente Feijó - SP,2010,Total,93.2
3542503,Reginópolis - SP,2010,Total,94.2
3542602,Registro - SP,2010,Total,94.9
3542701,Restinga - SP,2010,Total,91.7
3542800,Ribeira - SP,2010,Total,88.9
3542909,Ribeirão Bonito - SP,2010,Total,91.3
3543006,Ribeirão Branco - SP,2010,Total,89.3
3543105,Ribeirão Corrente - SP,2010,Total,91.3
3543204,Ribeirão do Sul - SP,2010,Total,93.3
3543238,Ribeirão dos Índios - SP,2010,Total,87.3
3543253,Ribeirão Grande - SP,2010,Total,88.2
3543303,Ribeirão Pires - SP,2010,Total,96.7
3543402,Ribeirão Preto - SP,2010,Total,97.2
3543501,Riversul - SP,2010,Total,87.9
3543600,Rifaina - SP,2010,Total,93.8
3543709,Rincão - SP,2010,Total,92.8
3543808,Rinópolis - SP,2010,Total,90.5
3543907,Rio Claro - SP,2010,Total,96.7
3544004,Rio das Pedras - SP,2010,Total,94.3
3544103,Rio Grande da Serra - SP,2010,Total,95.0
3544202,Riolândia - SP,2010,Total,89.2
3544251,Rosana - SP,2010,Total,93.3
3544301,Roseira - SP,2010,Total,95.1
3544400,Rubiácea - SP,2010,Total,90.1
3544509,Rubinéia - SP,2010,Total,93.5
3544608,Sabino - SP,2010,Total,92.0
3544707,Sagres - SP,2010,Total,87.6
3544806,Sales - SP,2010,Total,90.1
3544905,Sales Oliveira - SP,2010,Total,95.3
3545001,Salesópolis - SP,2010,Total,91.7
3545100,Salmourão - SP,2010,Total,87.3
3545159,Saltinho - SP,2010,Total,97.4
3545209,Salto - SP,2010,Total,96.3
3545308,Salto de Pirapora - SP,2010,Total,92.8
3545407,Salto Grande - SP,2010,Total,91.1
3545506,Sandovalina - SP,2010,Total,89.6
3545605,Santa Adélia - SP,2010,Total,92.9
3545704,Santa Albertina - SP,2010,Total,90.7
3545803,Santa Bárbara d'Oeste - SP,2010,Total,96.5
3546009,Santa Branca - SP,2010,Total,93.7
3546108,Santa Clara d'Oeste - SP,2010,Total,90.1
3546207,Santa Cruz da Conceição - SP,2010,Total,95.1
3546256,Santa Cruz da Esperança - SP,2010,Total,94.7
3546306,Santa Cruz das Palmeiras - SP,2010,Total,92.5
3546405,Santa Cruz do Rio Pardo - SP,2010,Total,94.9
3546504,Santa Ernestina - SP,2010,Total,93.3
3546603,Santa Fé do Sul - SP,2010,Total,94.0
3546702,Santa Gertrudes - SP,2010,Total,95.7
3546801,Santa Isabel - SP,2010,Total,93.2
3546900,Santa Lúcia - SP,2010,Total,92.7
3547007,Santa Maria da Serra - SP,2010,Total,91.9
3547106,Santa Mercedes - SP,2010,Total,89.2
3547205,Santana da Ponte Pensa - SP,2010,Total,91.6
3547304,Santana de Parnaíba - SP,2010,Total,95.8
3547403,Santa Rita d'Oeste - SP,2010,Total,89.4
3547502,Santa Rita do Passa Quatro - SP,2010,Total,94.8
3547601,Santa Rosa de Viterbo - SP,2010,Total,95.4
3547650,Santa Salete - SP,2010,Total,94.1
3547700,Santo Anastácio - SP,2010,Total,93.5
3547809,Santo André - SP,2010,Total,97.3
3547908,Santo Antônio da Alegria - SP,2010,Total,94.8
3548005,Santo Antônio de Posse - SP,2010,Total,92.8
3548054,Santo Antônio do Aracanguá - SP,2010,Total,91.4
3548104,Santo Antônio do Jardim - SP,2010,Total,92.0
3548203,Santo Antônio do Pinhal - SP,2010,Total,92.7
3548302,Santo Expedito - SP,2010,Total,89.5
3548401,Santópolis do Aguapeí - SP,2010,Total,92.2
3548500,Santos - SP,2010,Total,97.8
3548609,São Bento do Sapucaí - SP,2010,Total,92.2
3548708,São Bernardo do Campo - SP,2010,Total,97.1
3548807,São Caetano do Sul - SP,2010,Total,98.5
3548906,São Carlos - SP,2010,Total,96.5
3549003,São Francisco - SP,2010,Total,89.8
3549102,São João da Boa Vista - SP,2010,Total,96.4
3549201,São João das Duas Pontes - SP,2010,Total,90.7
3549250,São João de Iracema - SP,2010,Total,89.7
3549300,São João do Pau d'Alho - SP,2010,Total,89.6
3549409,São Joaquim da Barra - SP,2010,Total,95.3
3549508,São José da Bela Vista - SP,2010,Total,89.7
3549607,São José do Barreiro - SP,2010,Total,90.0
3549706,São José do Rio Pardo - SP,2010,Total,95.4
3549805,São José do Rio Preto - SP,2010,Total,97.0
3549904,São José dos Campos - SP,2010,Total,97.2
3549953,São Lourenço da Serra - SP,2010,Total,92.5
3550001,São Luiz do Paraitinga - SP,2010,Total,90.8
3550100,São Manuel - SP,2010,Total,93.5
3550209,São Miguel Arcanjo - SP,2010,Total,92.8
3550308,São Paulo - SP,2010,Total,96.9
3550407,São Pedro - SP,2010,Total,95.1
3550506,São Pedro do Turvo - SP,2010,Total,92.5
3550605,São Roque - SP,2010,Total,95.8
3550704,São Sebastião - SP,2010,Total,94.6
3550803,São Sebastião da Grama - SP,2010,Total,92.5
3550902,São Simão - SP,2010,Total,95.3
3551009,São Vicente - SP,2010,Total,96.0
3551108,Sarapuí - SP,2010,Total,92.1
3551207,Sarutaiá - SP,2010,Total,89.3
3551306,Sebastianópolis do Sul - SP,2010,Total,92.2
3551405,Serra Azul - SP,2010,Total,91.4
3551504,Serrana - SP,2010,Total,94.1
3551603,Serra Negra - SP,2010,Total,94.1
3551702,Sertãozinho - SP,2010,Total,95.0
3551801,Sete Barras - SP,2010,Total,90.5
3551900,Severínia - SP,2010,Total,90.1
3552007,Silveiras - SP,2010,Total,90.0
3552106,Socorro - SP,2010,Total,93.6
3552205,Sorocaba - SP,2010,Total,97.0
3552304,Sud Mennucci - SP,2010,Total,91.4
3552403,Sumaré - SP,2010,Total,95.4
3552502,Suzano - SP,2010,Total,95.5
3552551,Suzanápolis - SP,2010,Total,88.8
3552601,Tabapuã - SP,2010,Total,92.7
3552700,Tabatinga - SP,2010,Total,91.1
3552809,Taboão da Serra - SP,2010,Total,96.3
3552908,Taciba - SP,2010,Total,89.7
3553005,Taguaí - SP,2010,Total,93.3
3553104,Taiaçu - SP,2010,Total,90.0
3553203,Taiúva - SP,2010,Total,92.3
3553302,Tambaú - SP,2010,Total,95.0
3553401,Tanabi - SP,2010,Total,93.4
3553500,Tapiraí - SP,2010,Total,90.3
3553609,Tapiratiba - SP,2010,Total,94.3
3553658,Taquaral - SP,2010,Total,89.4
3553708,Taquaritinga - SP,2010,Total,93.3
3553807,Taquarituba - SP,2010,Total,92.3
3553856,Taquarivaí - SP,2010,Total,91.6
3553906,Tarabai - SP,2010,Total,89.9
3553955,Tarumã - SP,2010,Total,92.1
3554003,Tatuí - SP,2010,Total,96.0
3554102,Taubaté - SP,2010,Total,97.1
3554201,Tejupá - SP,2010,Total,86.6
3554300,Teodoro Sampaio - SP,2010,Total,91.6
3554409,Terra Roxa - SP,2010,Total,93.3
3554508,Tietê - SP,2010,Total,96.5
3554607,Timburi - SP,2010,Total,90.7
3554656,Torre de Pedra - SP,2010,Total,95.5
3554706,Torrinha - SP,2010,Total,94.1
3554755,Trabiju - SP,2010,Total,90.7
3554805,Tremembé - SP,2010,Total,96.4
3554904,Três Fronteiras - SP,2010,Total,91.5
3554953,Tuiuti - SP,2010,Total,91.8
3555000,Tupã - SP,2010,Total,93.4
3555109,Tupi Paulista - SP,2010,Total,94.1
3555208,Turiúba - SP,2010,Total,89.3
3555307,Turmalina - SP,2010,Total,89.5
3555356,Ubarana - SP,2010,Total,91.5
3555406,Ubatuba - SP,2010,Total,94.6
3555505,Ubirajara - SP,2010,Total,91.6
3555604,Uchoa - SP,2010,Total,93.1
3555703,União Paulista - SP,2010,Total,88.8
3555802,Urânia - SP,2010,Total,91.5
3555901,Uru - SP,2010,Total,93.2
3556008,Urupês - SP,2010,Total,93.7
3556107,Valentim Gentil - SP,2010,Total,93.5
3556206,Valinhos - SP,2010,Total,97.0
3556305,Valparaíso - SP,2010,Total,93.2
3556354,Vargem - SP,2010,Total,91.0
3556404,Vargem Grande do Sul - SP,2010,Total,94.5
3556453,Vargem Grande Paulista - SP,2010,Total,96.2
3556503,Várzea Paulista - SP,2010,Total,95.3
3556602,Vera Cruz - SP,2010,Total,92.5
3556701,Vinhedo - SP,2010,Total,96.9
3556800,Viradouro - SP,2010,Total,93.9
3556909,Vista Alegre do Alto - SP,2010,Total,92.5
3556958,Vitória Brasil - SP,2010,Total,87.7
3557006,Votorantim - SP,2010,Total,96.7
3557105,Votuporanga - SP,2010,Total,95.1
3557154,Zacarias - SP,2010,Total,91.9
3557204,Chavantes - SP,2010,Total,91.9
3557303,Estiva Gerbi - SP,2010,Total,95.0
4100103,Abatiá - PR,2010,Total,84.8
4100202,Adrianópolis - PR,2010,Total,85.1
4100301,Agudos do Sul - PR,2010,Total,92.0
4100400,Almirante Tamandaré - PR,2010,Total,94.5
4100459,Altamira do Paraná - PR,2010,Total,84.4
4100509,Altônia - PR,2010,Total,90.7
4100608,Alto Paraná - PR,2010,Total,90.4
4100707,Alto Piquiri - PR,2010,Total,87.4
4100806,Alvorada do Sul - PR,2010,Total,90.6
4100905,Amaporã - PR,2010,Total,88.3
4101002,Ampére - PR,2010,Total,93.2
4101051,Anahy - PR,2010,Total,89.3
4101101,Andirá - PR,2010,Total,90.6
4101150,Ângulo - PR,2010,Total,89.7
4101200,Antonina - PR,2010,Total,92.1
4101309,Antônio Olinto - PR,2010,Total,93.9
4101408,Apucarana - PR,2010,Total,94.6
4101507,Arapongas - PR,2010,Total,95.4
4101606,Arapoti - PR,2010,Total,93.1
4101655,Arapuã - PR,2010,Total,85.1
4101705,Araruna - PR,2010,Total,91.0
4101804,Araucária - PR,2010,Total,96.7
4101853,Ariranha do Ivaí - PR,2010,Total,86.0
4101903,Assaí - PR,2010,Total,90.8
4102000,Assis Chateaubriand - PR,2010,Total,92.5
4102109,Astorga - PR,2010,Total,92.6
4102208,Atalaia - PR,2010,Total,91.5
4102307,Balsa Nova - PR,2010,Total,95.8
4102406,Bandeirantes - PR,2010,Total,91.6
4102505,Barbosa Ferraz - PR,2010,Total,85.7
4102604,Barracão - PR,2010,Total,92.4
4102703,Barra do Jacaré - PR,2010,Total,89.1
4102752,Bela Vista da Caroba - PR,2010,Total,87.2
4102802,Bela Vista do Paraíso - PR,2010,Total,89.1
4102901,Bituruna - PR,2010,Total,92.9
4103008,Boa Esperança - PR,2010,Total,87.7
4103024,Boa Esperança do Iguaçu - PR,2010,Total,92.6
4103040,Boa Ventura de São Roque - PR,2010,Total,89.7
4103057,Boa Vista da Aparecida - PR,2010,Total,86.2
4103107,Bocaiúva do Sul - PR,2010,Total,91.9
4103156,Bom Jesus do Sul - PR,2010,Total,91.0
4103206,Bom Sucesso - PR,2010,Total,87.7
4103222,Bom Sucesso do Sul - PR,2010,Total,98.3
4103305,Borrazópolis - PR,2010,Total,89.2
4103354,Braganey - PR,2010,Total,88.0
4103370,Brasilândia do Sul - PR,2010,Total,85.8
4103404,Cafeara - PR,2010,Total,85.8
4103453,Cafelândia - PR,2010,Total,95.9
4103479,Cafezal do Sul - PR,2010,Total,85.8
4103503,Califórnia - PR,2010,Total,92.0
4103602,Cambará - PR,2010,Total,92.1
4103701,Cambé - PR,2010,Total,94.1
4103800,Cambira - PR,2010,Total,91.7
4103909,Campina da Lagoa - PR,2010,Total,88.3
4103958,Campina do Simão - PR,2010,Total,89.6
4104006,Campina Grande do Sul - PR,2010,Total,94.6
4104055,Campo Bonito - PR,2010,Total,88.4
4104105,Campo do Tenente - PR,2010,Total,91.8
4104204,Campo Largo - PR,2010,Total,95.8
4104253,Campo Magro - PR,2010,Total,94.4
4104303,Campo Mourão - PR,2010,Total,93.3
4104402,Cândido de Abreu - PR,2010,Total,85.6
4104428,Candói - PR,2010,Total,91.7
4104451,Cantagalo - PR,2010,Total,92.1
4104501,Capanema - PR,2010,Total,93.3
4104600,Capitão Leônidas Marques - PR,2010,Total,91.3
4104659,Carambeí - PR,2010,Total,95.4
4104709,Carlópolis - PR,2010,Total,92.7
4104808,Cascavel - PR,2010,Total,95.9
4104907,Castro - PR,2010,Total,93.2
4105003,Catanduvas - PR,2010,Total,87.9
4105102,Centenário do Sul - PR,2010,Total,87.5
4105201,Cerro Azul - PR,2010,Total,84.3
4105300,Céu Azul - PR,2010,Total,94.4
4105409,Chopinzinho - PR,2010,Total,92.7
4105508,Cianorte - PR,2010,Total,94.9
4105607,Cidade Gaúcha - PR,2010,Total,89.7
4105706,Clevelândia - PR,2010,Total,89.8
4105805,Colombo - PR,2010,Total,95.7
4105904,Colorado - PR,2010,Total,91.8
4106001,Congonhinhas - PR,2010,Total,84.5
4106100,Conselheiro Mairinck - PR,2010,Total,90.9
4106209,Contenda - PR,2010,Total,95.3
4106308,Corbélia - PR,2010,Total,93.0
4106407,Cornélio Procópio - PR,2010,Total,93.7
4106456,Coronel Domingos Soares - PR,2010,Total,90.8
4106506,Coronel Vivida - PR,2010,Total,92.5
4106555,Corumbataí do Sul - PR,2010,Total,82.5
4106571,Cruzeiro do Iguaçu - PR,2010,Total,88.5
4106605,Cruzeiro do Oeste - PR,2010,Total,88.4
4106704,Cruzeiro do Sul - PR,2010,Total,88.8
4106803,Cruz Machado - PR,2010,Total,94.7
4106852,Cruzmaltina - PR,2010,Total,84.5
4106902,Curitiba - PR,2010,Total,98.0
4107009,Curiúva - PR,2010,Total,87.8
4107108,Diamante do Norte - PR,2010,Total,89.7
4107124,Diamante do Sul - PR,2010,Total,83.6
4107157,Diamante D'Oeste - PR,2010,Total,85.0
4107207,Dois Vizinhos - PR,2010,Total,94.0
4107256,Douradina - PR,2010,Total,91.2
4107306,Doutor Camargo - PR,2010,Total,91.8
4107405,Enéas Marques - PR,2010,Total,92.1
4107504,Engenheiro Beltrão - PR,2010,Total,91.2
4107520,Esperança Nova - PR,2010,Total,89.5
4107538,Entre Rios do Oeste - PR,2010,Total,97.0
4107546,Espigão Alto do Iguaçu - PR,2010,Total,87.4
4107553,Farol - PR,2010,Total,86.6
4107603,Faxinal - PR,2010,Total,87.8
4107652,Fazenda Rio Grande - PR,2010,Total,95.9
4107702,Fênix - PR,2010,Total,87.8
4107736,Fernandes Pinheiro - PR,2010,Total,91.2
4107751,Figueira - PR,2010,Total,87.4
4107801,Floraí - PR,2010,Total,92.4
4107850,Flor da Serra do Sul - PR,2010,Total,90.1
4107900,Floresta - PR,2010,Total,93.5
4108007,Florestópolis - PR,2010,Total,88.2
4108106,Flórida - PR,2010,Total,91.5
4108205,Formosa do Oeste - PR,2010,Total,90.4
4108304,Foz do Iguaçu - PR,2010,Total,94.9
4108320,Francisco Alves - PR,2010,Total,85.5
4108403,Francisco Beltrão - PR,2010,Total,94.8
4108452,Foz do Jordão - PR,2010,Total,90.4
4108502,General Carneiro - PR,2010,Total,91.3
4108551,Godoy Moreira - PR,2010,Total,85.9
4108601,Goioerê - PR,2010,Total,90.3
4108650,Goioxim - PR,2010,Total,88.8
4108700,Grandes Rios - PR,2010,Total,83.9
4108809,Guaíra - PR,2010,Total,91.3
4108908,Guairaçá - PR,2010,Total,87.2
4108957,Guamiranga - PR,2010,Total,93.4
4109005,Guapirama - PR,2010,Total,88.7
4109104,Guaporema - PR,2010,Total,89.0
4109203,Guaraci - PR,2010,Total,89.9
4109302,Guaraniaçu - PR,2010,Total,90.3
4109401,Guarapuava - PR,2010,Total,94.6
4109500,Guaraqueçaba - PR,2010,Total,86.9
4109609,Guaratuba - PR,2010,Total,95.1
4109658,Honório Serpa - PR,2010,Total,91.7
4109708,Ibaiti - PR,2010,Total,89.4
4109757,Ibema - PR,2010,Total,89.3
4109807,Ibiporã - PR,2010,Total,93.2
4109906,Icaraíma - PR,2010,Total,89.1
4110003,Iguaraçu - PR,2010,Total,91.3
4110052,Iguatu - PR,2010,Total,89.0
4110078,Imbaú - PR,2010,Total,85.6
4110102,Imbituva - PR,2010,Total,94.7
4110201,Inácio Martins - PR,2010,Total,90.4
4110300,Inajá - PR,2010,Total,87.0
4110409,Indianópolis - PR,2010,Total,90.6
4110508,Ipiranga - PR,2010,Total,93.1
4110607,Iporã - PR,2010,Total,88.9
4110656,Iracema do Oeste - PR,2010,Total,85.7
4110706,Irati - PR,2010,Total,95.8
4110805,Iretama - PR,2010,Total,85.0
4110904,Itaguajé - PR,2010,Total,89.5
4110953,Itaipulândia - PR,2010,Total,93.0
4111001,Itambaracá - PR,2010,Total,86.1
4111100,Itambé - PR,2010,Total,89.2
4111209,Itapejara d'Oeste - PR,2010,Total,93.3
4111258,Itaperuçu - PR,2010,Total,90.4
4111308,Itaúna do Sul - PR,2010,Total,82.6
4111407,Ivaí - PR,2010,Total,92.5
4111506,Ivaiporã - PR,2010,Total,89.3
4111555,Ivaté - PR,2010,Total,90.6
4111605,Ivatuba - PR,2010,Total,93.6
4111704,Jaboti - PR,2010,Total,89.7
4111803,Jacarezinho - PR,2010,Total,91.7
4111902,Jaguapitã - PR,2010,Total,90.1
4112009,Jaguariaíva - PR,2010,Total,93.8
4112108,Jandaia do Sul - PR,2010,Total,93.2
4112207,Janiópolis - PR,2010,Total,83.8
4112306,Japira - PR,2010,Total,90.1
4112405,Japurá - PR,2010,Total,91.9
4112504,Jardim Alegre - PR,2010,Total,86.2
4112603,Jardim Olinda - PR,2010,Total,88.8
4112702,Jataizinho - PR,2010,Total,90.7
4112751,Jesuítas - PR,2010,Total,90.6
4112801,Joaquim Távora - PR,2010,Total,92.4
4112900,Jundiaí do Sul - PR,2010,Total,87.0
4112959,Juranda - PR,2010,Total,88.9
4113007,Jussara - PR,2010,Total,93.5
4113106,Kaloré - PR,2010,Total,89.3
4113205,Lapa - PR,2010,Total,94.8
4113254,Laranjal - PR,2010,Total,84.5
4113304,Laranjeiras do Sul - PR,2010,Total,92.4
4113403,Leópolis - PR,2010,Total,89.4
4113429,Lidianópolis - PR,2010,Total,83.4
4113452,Lindoeste - PR,2010,Total,87.8
4113502,Loanda - PR,2010,Total,92.4
4113601,Lobato - PR,2010,Total,89.9
4113700,Londrina - PR,2010,Total,95.8
4113734,Luiziana - PR,2010,Total,86.8
4113759,Lunardelli - PR,2010,Total,85.3
4113809,Lupionópolis - PR,2010,Total,89.9
4113908,Mallet - PR,2010,Total,97.0
4114005,Mamborê - PR,2010,Total,90.0
4114104,Mandaguaçu - PR,2010,Total,91.9
4114203,Mandaguari - PR,2010,Total,93.3
4114302,Mandirituba - PR,2010,Total,94.0
4114351,Manfrinópolis - PR,2010,Total,87.1
4114401,Mangueirinha - PR,2010,Total,91.5
4114500,Manoel Ribas - PR,2010,Total,87.7
4114609,Marechal Cândido Rondon - PR,2010,Total,96.4
4114708,Maria Helena - PR,2010,Total,86.9
4114807,Marialva - PR,2010,Total,93.7
4114906,Marilândia do Sul - PR,2010,Total,90.5
4115002,Marilena - PR,2010,Total,88.5
4115101,Mariluz - PR,2010,Total,84.3
4115200,Maringá - PR,2010,Total,96.9
4115309,Mariópolis - PR,2010,Total,93.0
4115358,Maripá - PR,2010,Total,96.9
4115408,Marmeleiro - PR,2010,Total,92.4
4115457,Marquinho - PR,2010,Total,87.7
4115507,Marumbi - PR,2010,Total,88.0
4115606,Matelândia - PR,2010,Total,93.9
4115705,Matinhos - PR,2010,Total,96.1
4115739,Mato Rico - PR,2010,Total,83.6
4115754,Mauá da Serra - PR,2010,Total,88.4
4115804,Medianeira - PR,2010,Total,95.0
4115853,Mercedes - PR,2010,Total,96.1
4115903,Mirador - PR,2010,Total,86.9
4116000,Miraselva - PR,2010,Total,90.9
4116059,Missal - PR,2010,Total,94.8
4116109,Moreira Sales - PR,2010,Total,85.6
4116208,Morretes - PR,2010,Total,93.8
4116307,Munhoz de Melo - PR,2010,Total,90.3
4116406,Nossa Senhora das Graças - PR,2010,Total,88.5
4116505,Nova Aliança do Ivaí - PR,2010,Total,89.5
4116604,Nova América da Colina - PR,2010,Total,87.5
4116703,Nova Aurora - PR,2010,Total,95.4
4116802,Nova Cantu - PR,2010,Total,84.6
4116901,Nova Esperança - PR,2010,Total,91.9
4116950,Nova Esperança do Sudoeste - PR,2010,Total,91.7
4117008,Nova Fátima - PR,2010,Total,87.6
4117057,Nova Laranjeiras - PR,2010,Total,88.9
4117107,Nova Londrina - PR,2010,Total,92.3
4117206,Nova Olímpia - PR,2010,Total,87.9
4117214,Nova Santa Bárbara - PR,2010,Total,85.2
4117222,Nova Santa Rosa - PR,2010,Total,97.2
4117255,Nova Prata do Iguaçu - PR,2010,Total,90.8
4117271,Nova Tebas - PR,2010,Total,83.7
4117297,Novo Itacolomi - PR,2010,Total,90.4
4117305,Ortigueira - PR,2010,Total,83.8
4117404,Ourizona - PR,2010,Total,91.6
4117453,Ouro Verde do Oeste - PR,2010,Total,91.0
4117503,Paiçandu - PR,2010,Total,93.0
4117602,Palmas - PR,2010,Total,91.6
4117701,Palmeira - PR,2010,Total,96.1
4117800,Palmital - PR,2010,Total,87.3
4117909,Palotina - PR,2010,Total,94.6
4118006,Paraíso do Norte - PR,2010,Total,91.6
4118105,Paranacity - PR,2010,Total,90.1
4118204,Paranaguá - PR,2010,Total,96.4
4118303,Paranapoema - PR,2010,Total,87.9
4118402,Paranavaí - PR,2010,Total,93.5
4118451,Pato Bragado - PR,2010,Total,96.5
4118501,Pato Branco - PR,2010,Total,96.1
4118600,Paula Freitas - PR,2010,Total,95.2
4118709,Paulo Frontin - PR,2010,Total,96.6
4118808,Peabiru - PR,2010,Total,90.4
4118857,Perobal - PR,2010,Total,88.8
4118907,Pérola - PR,2010,Total,92.0
4119004,Pérola d'Oeste - PR,2010,Total,91.2
4119103,Piên - PR,2010,Total,96.1
4119152,Pinhais - PR,2010,Total,96.9
4119202,Pinhalão - PR,2010,Total,89.4
4119251,Pinhal de São Bento - PR,2010,Total,92.1
4119301,Pinhão - PR,2010,Total,89.2
4119400,Piraí do Sul - PR,2010,Total,93.9
4119509,Piraquara - PR,2010,Total,95.4
4119608,Pitanga - PR,2010,Total,90.6
4119657,Pitangueiras - PR,2010,Total,89.0
4119707,Planaltina do Paraná - PR,2010,Total,88.1
4119806,Planalto - PR,2010,Total,91.4
4119905,Ponta Grossa - PR,2010,Total,96.6
4119954,Pontal do Paraná - PR,2010,Total,95.5
4120002,Porecatu - PR,2010,Total,91.4
4120101,Porto Amazonas - PR,2010,Total,94.2
4120150,Porto Barreiro - PR,2010,Total,90.8
4120200,Porto Rico - PR,2010,Total,88.7
4120309,Porto Vitória - PR,2010,Total,94.5
4120333,Prado Ferreira - PR,2010,Total,88.6
4120358,Pranchita - PR,2010,Total,91.3
4120408,Presidente Castelo Branco - PR,2010,Total,88.6
4120507,Primeiro de Maio - PR,2010,Total,90.4
4120606,Prudentópolis - PR,2010,Total,92.8
4120655,Quarto Centenário - PR,2010,Total,88.4
4120705,Quatiguá - PR,2010,Total,92.1
4120804,Quatro Barras - PR,2010,Total,95.6
4120853,Quatro Pontes - PR,2010,Total,98.9
4120903,Quedas do Iguaçu - PR,2010,Total,90.0
4121000,Querência do Norte - PR,2010,Total,86.2
4121109,Quinta do Sol - PR,2010,Total,85.0
4121208,Quitandinha - PR,2010,Total,93.6
4121257,Ramilândia - PR,2010,Total,86.4
4121307,Rancho Alegre - PR,2010,Total,89.9
4121356,Rancho Alegre D'Oeste - PR,2010,Total,87.4
4121406,Realeza - PR,2010,Total,92.7
4121505,Rebouças - PR,2010,Total,93.9
4121604,Renascença - PR,2010,Total,91.3
4121703,Reserva - PR,2010,Total,87.0
4121752,Reserva do Iguaçu - PR,2010,Total,89.7
4121802,Ribeirão Claro - PR,2010,Total,93.1
4121901,Ribeirão do Pinhal - PR,2010,Total,86.2
4122008,Rio Azul - PR,2010,Total,96.1
4122107,Rio Bom - PR,2010,Total,92.2
4122156,Rio Bonito do Iguaçu - PR,2010,Total,90.5
4122172,Rio Branco do Ivaí - PR,2010,Total,86.7
4122206,Rio Branco do Sul - PR,2010,Total,90.7
4122305,Rio Negro - PR,2010,Total,96.7
4122404,Rolândia - PR,2010,Total,94.3
4122503,Roncador - PR,2010,Total,85.9
4122602,Rondon - PR,2010,Total,90.2
4122651,Rosário do Ivaí - PR,2010,Total,82.5
4122701,Sabáudia - PR,2010,Total,91.1
4122800,Salgado Filho - PR,2010,Total,90.5
4122909,Salto do Itararé - PR,2010,Total,86.3
4123006,Salto do Lontra - PR,2010,Total,91.1
4123105,Santa Amélia - PR,2010,Total,90.0
4123204,Santa Cecília do Pavão - PR,2010,Total,83.8
4123303,Santa Cruz de Monte Castelo - PR,2010,Total,88.1
4123402,Santa Fé - PR,2010,Total,92.0
4123501,Santa Helena - PR,2010,Total,93.0
4123600,Santa Inês - PR,2010,Total,88.1
4123709,Santa Isabel do Ivaí - PR,2010,Total,88.8
4123808,Santa Izabel do Oeste - PR,2010,Total,91.1
4123824,Santa Lúcia - PR,2010,Total,88.2
4123857,Santa Maria do Oeste - PR,2010,Total,87.2
4123907,Santa Mariana - PR,2010,Total,87.3
4123956,Santa Mônica - PR,2010,Total,88.5
4124004,Santana do Itararé - PR,2010,Total,85.6
4124020,Santa Tereza do Oeste - PR,2010,Total,93.3
4124053,Santa Terezinha de Itaipu - PR,2010,Total,93.4
4124103,Santo Antônio da Platina - PR,2010,Total,90.9
4124202,Santo Antônio do Caiuá - PR,2010,Total,88.1
4124301,Santo Antônio do Paraíso - PR,2010,Total,88.0
4124400,Santo Antônio do Sudoeste - PR,2010,Total,89.5
4124509,Santo Inácio - PR,2010,Total,91.4
4124608,São Carlos do Ivaí - PR,2010,Total,90.3
4124707,São Jerônimo da Serra - PR,2010,Total,84.4
4124806,São João - PR,2010,Total,93.0
4124905,São João do Caiuá - PR,2010,Total,87.9
4125001,São João do Ivaí - PR,2010,Total,85.1
4125100,São João do Triunfo - PR,2010,Total,92.9
4125209,São Jorge d'Oeste - PR,2010,Total,93.3
4125308,São Jorge do Ivaí - PR,2010,Total,91.6
4125357,São Jorge do Patrocínio - PR,2010,Total,86.7
4125407,São José da Boa Vista - PR,2010,Total,89.8
4125456,São José das Palmeiras - PR,2010,Total,87.2
4125506,São José dos Pinhais - PR,2010,Total,96.8
4125555,São Manoel do Paraná - PR,2010,Total,87.7
4125605,São Mateus do Sul - PR,2010,Total,96.5
4125704,São Miguel do Iguaçu - PR,2010,Total,92.7
4125753,São Pedro do Iguaçu - PR,2010,Total,89.4
4125803,São Pedro do Ivaí - PR,2010,Total,90.2
4125902,São Pedro do Paraná - PR,2010,Total,89.3
4126009,São Sebastião da Amoreira - PR,2010,Total,87.0
4126108,São Tomé - PR,2010,Total,91.6
4126207,Sapopema - PR,2010,Total,85.0
4126256,Sarandi - PR,2010,Total,93.5
4126272,Saudade do Iguaçu - PR,2010,Total,92.6
4126306,Sengés - PR,2010,Total,92.5
4126355,Serranópolis do Iguaçu - PR,2010,Total,96.2
4126405,Sertaneja - PR,2010,Total,91.3
4126504,Sertanópolis - PR,2010,Total,93.7
4126603,Siqueira Campos - PR,2010,Total,91.9
4126652,Sulina - PR,2010,Total,92.3
4126678,Tamarana - PR,2010,Total,86.1
4126702,Tamboara - PR,2010,Total,90.0
4126801,Tapejara - PR,2010,Total,89.4
4126900,Tapira - PR,2010,Total,87.2
4127007,Teixeira Soares - PR,2010,Total,95.0
4127106,Telêmaco Borba - PR,2010,Total,93.3
4127205,Terra Boa - PR,2010,Total,92.1
4127304,Terra Rica - PR,2010,Total,90.1
4127403,Terra Roxa - PR,2010,Total,90.7
4127502,Tibagi - PR,2010,Total,89.3
4127601,Tijucas do Sul - PR,2010,Total,92.3
4127700,Toledo - PR,2010,Total,95.7
4127809,Tomazina - PR,2010,Total,87.8
4127858,Três Barras do Paraná - PR,2010,Total,88.9
4127882,Tunas do Paraná - PR,2010,Total,83.4
4127908,Tuneiras do Oeste - PR,2010,Total,91.3
4127957,Tupãssi - PR,2010,Total,93.6
4127965,Turvo - PR,2010,Total,88.9
4128005,Ubiratã - PR,2010,Total,91.1
4128104,Umuarama - PR,2010,Total,94.2
4128203,União da Vitória - PR,2010,Total,96.3
4128302,Uniflor - PR,2010,Total,90.5
4128401,Uraí - PR,2010,Total,89.9
4128500,Wenceslau Braz - PR,2010,Total,90.0
4128534,Ventania - PR,2010,Total,86.7
4128559,Vera Cruz do Oeste - PR,2010,Total,89.9
4128609,Verê - PR,2010,Total,90.1
4128625,Alto Paraíso - PR,2010,Total,86.8
4128633,Doutor Ulysses - PR,2010,Total,84.8
4128658,Virmond - PR,2010,Total,93.4
4128708,Vitorino - PR,2010,Total,94.8
4128807,Xambrê - PR,2010,Total,88.2
4200051,Abdon Batista - SC,2010,Total,91.1
4200101,Abelardo Luz - SC,2010,Total,90.2
4200200,Agrolândia - SC,2010,Total,95.3
4200309,Agronômica - SC,2010,Total,94.9
4200408,Água Doce - SC,2010,Total,93.5
4200507,Águas de Chapecó - SC,2010,Total,94.1
4200556,Águas Frias - SC,2010,Total,91.8
4200606,Águas Mornas - SC,2010,Total,94.6
4200705,Alfredo Wagner - SC,2010,Total,91.5
4200754,Alto Bela Vista - SC,2010,Total,96.2
4200804,Anchieta - SC,2010,Total,93.4
4200903,Angelina - SC,2010,Total,90.3
4201000,Anita Garibaldi - SC,2010,Total,88.0
4201109,Anitápolis - SC,2010,Total,90.1
4201208,Antônio Carlos - SC,2010,Total,96.2
4201257,Apiúna - SC,2010,Total,94.7
4201273,Arabutã - SC,2010,Total,96.2
4201307,Araquari - SC,2010,Total,94.9
4201406,Araranguá - SC,2010,Total,95.9
4201505,Armazém - SC,2010,Total,94.6
4201604,Arroio Trinta - SC,2010,Total,94.9
4201653,Arvoredo - SC,2010,Total,90.8
4201703,Ascurra - SC,2010,Total,96.2
4201802,Atalanta - SC,2010,Total,96.2
4201901,Aurora - SC,2010,Total,95.8
4201950,Balneário Arroio do Silva - SC,2010,Total,95.3
4202008,Balneário Camboriú - SC,2010,Total,98.6
4202057,Balneário Barra do Sul - SC,2010,Total,96.6
4202073,Balneário Gaivota - SC,2010,Total,94.2
4202081,Bandeirante - SC,2010,Total,92.0
4202099,Barra Bonita - SC,2010,Total,87.5
4202107,Barra Velha - SC,2010,Total,95.7
4202131,Bela Vista do Toldo - SC,2010,Total,95.0
4202156,Belmonte - SC,2010,Total,91.5
4202206,Benedito Novo - SC,2010,Total,96.2
4202305,Biguaçu - SC,2010,Total,95.7
4202404,Blumenau - SC,2010,Total,98.3
4202438,Bocaina do Sul - SC,2010,Total,89.6
4202453,Bombinhas - SC,2010,Total,96.8
4202503,Bom Jardim da Serra - SC,2010,Total,92.3
4202537,Bom Jesus - SC,2010,Total,90.5
4202578,Bom Jesus do Oeste - SC,2010,Total,93.4
4202602,Bom Retiro - SC,2010,Total,90.8
4202701,Botuverá - SC,2010,Total,94.6
4202800,Braço do Norte - SC,2010,Total,96.7
4202859,Braço do Trombudo - SC,2010,Total,96.8
4202875,Brunópolis - SC,2010,Total,87.8
4202909,Brusque - SC,2010,Total,97.5
4203006,Caçador - SC,2010,Total,94.6
4203105,Caibi - SC,2010,Total,92.3
4203154,Calmon - SC,2010,Total,89.9
4203204,Camboriú - SC,2010,Total,96.3
4203253,Capão Alto - SC,2010,Total,91.1
4203303,Campo Alegre - SC,2010,Total,96.0
4203402,Campo Belo do Sul - SC,2010,Total,86.9
4203501,Campo Erê - SC,2010,Total,88.1
4203600,Campos Novos - SC,2010,Total,93.9
4203709,Canelinha - SC,2010,Total,92.7
4203808,Canoinhas - SC,2010,Total,96.0
4203907,Capinzal - SC,2010,Total,94.8
4203956,Capivari de Baixo - SC,2010,Total,96.0
4204004,Catanduvas - SC,2010,Total,94.4
4204103,Caxambu do Sul - SC,2010,Total,90.1
4204152,Celso Ramos - SC,2010,Total,92.0
4204178,Cerro Negro - SC,2010,Total,84.7
4204194,Chapadão do Lageado - SC,2010,Total,93.3
4204202,Chapecó - SC,2010,Total,95.8
4204251,Cocal do Sul - SC,2010,Total,97.4
4204301,Concórdia - SC,2010,Total,96.1
4204350,Cordilheira Alta - SC,2010,Total,95.5
4204400,Coronel Freitas - SC,2010,Total,92.3
4204459,Coronel Martins - SC,2010,Total,89.8
4204509,Corupá - SC,2010,Total,97.1
4204558,Correia Pinto - SC,2010,Total,91.5
4204608,Criciúma - SC,2010,Total,97.2
4204707,Cunha Porã - SC,2010,Total,95.4
4204756,Cunhataí - SC,2010,Total,96.3
4204806,Curitibanos - SC,2010,Total,92.8
4204905,Descanso - SC,2010,Total,94.9
4205001,Dionísio Cerqueira - SC,2010,Total,90.9
4205100,Dona Emma - SC,2010,Total,96.1
4205159,Doutor Pedrinho - SC,2010,Total,96.5
4205175,Entre Rios - SC,2010,Total,87.1
4205191,Ermo - SC,2010,Total,94.5
4205209,Erval Velho - SC,2010,Total,93.0
4205308,Faxinal dos Guedes - SC,2010,Total,93.6
4205357,Flor do Sertão - SC,2010,Total,89.0
4205407,Florianópolis - SC,2010,Total,98.0
4205431,Formosa do Sul - SC,2010,Total,92.8
4205456,Forquilhinha - SC,2010,Total,96.5
4205506,Fraiburgo - SC,2010,Total,94.1
4205555,Frei Rogério - SC,2010,Total,92.3
4205605,Galvão - SC,2010,Total,87.1
4205704,Garopaba - SC,2010,Total,92.5
4205803,Garuva - SC,2010,Total,95.0
4205902,Gaspar - SC,2010,Total,97.7
4206009,Governador Celso Ramos - SC,2010,Total,92.8
4206108,Grão-Pará - SC,2010,Total,95.6
4206207,Gravatal - SC,2010,Total,95.0
4206306,Guabiruba - SC,2010,Total,97.4
4206405,Guaraciaba - SC,2010,Total,93.9
4206504,Guaramirim - SC,2010,Total,97.4
4206603,Guarujá do Sul - SC,2010,Total,94.1
4206652,Guatambú - SC,2010,Total,90.9
4206702,Herval d'Oeste - SC,2010,Total,95.5
4206751,Ibiam - SC,2010,Total,94.2
4206801,Ibicaré - SC,2010,Total,93.8
4206900,Ibirama - SC,2010,Total,96.5
4207007,Içara - SC,2010,Total,96.1
4207106,Ilhota - SC,2010,Total,95.1
4207205,Imaruí - SC,2010,Total,89.0
4207304,Imbituba - SC,2010,Total,94.5
4207403,Imbuia - SC,2010,Total,94.0
4207502,Indaial - SC,2010,Total,97.3
4207577,Iomerê - SC,2010,Total,97.0
4207601,Ipira - SC,2010,Total,95.4
4207650,Iporã do Oeste - SC,2010,Total,96.9
4207684,Ipuaçu - SC,2010,Total,90.3
4207700,Ipumirim - SC,2010,Total,95.3
4207759,Iraceminha - SC,2010,Total,93.4
4207809,Irani - SC,2010,Total,93.2
4207858,Irati - SC,2010,Total,89.5
4207908,Irineópolis - SC,2010,Total,93.5
4208005,Itá - SC,2010,Total,94.4
4208104,Itaiópolis - SC,2010,Total,95.7
4208203,Itajaí - SC,2010,Total,97.2
4208302,Itapema - SC,2010,Total,97.4
4208401,Itapiranga - SC,2010,Total,97.0
4208450,Itapoá - SC,2010,Total,96.4
4208500,Ituporanga - SC,2010,Total,95.7
4208609,Jaborá - SC,2010,Total,93.3
4208708,Jacinto Machado - SC,2010,Total,93.0
4208807,Jaguaruna - SC,2010,Total,94.0
4208906,Jaraguá do Sul - SC,2010,Total,98.3
4208955,Jardinópolis - SC,2010,Total,91.9
4209003,Joaçaba - SC,2010,Total,97.0
4209102,Joinville - SC,2010,Total,97.9
4209151,José Boiteux - SC,2010,Total,94.3
4209177,Jupiá - SC,2010,Total,90.8
4209201,Lacerdópolis - SC,2010,Total,95.0
4209300,Lages - SC,2010,Total,95.4
4209409,Laguna - SC,2010,Total,94.8
4209458,Lajeado Grande - SC,2010,Total,93.2
4209508,Laurentino - SC,2010,Total,96.3
4209607,Lauro Müller - SC,2010,Total,95.5
4209706,Lebon Régis - SC,2010,Total,89.3
4209805,Leoberto Leal - SC,2010,Total,90.5
4209854,Lindóia do Sul - SC,2010,Total,94.9
4209904,Lontras - SC,2010,Total,95.4
4210001,Luiz Alves - SC,2010,Total,95.9
4210035,Luzerna - SC,2010,Total,98.0
4210050,Macieira - SC,2010,Total,91.4
4210100,Mafra - SC,2010,Total,96.8
4210209,Major Gercino - SC,2010,Total,93.2
4210308,Major Vieira - SC,2010,Total,94.5
4210407,Maracajá - SC,2010,Total,94.8
4210506,Maravilha - SC,2010,Total,95.5
4210555,Marema - SC,2010,Total,92.4
4210605,Massaranduba - SC,2010,Total,96.8
4210704,Matos Costa - SC,2010,Total,90.1
4210803,Meleiro - SC,2010,Total,95.2
4210852,Mirim Doce - SC,2010,Total,92.8
4210902,Modelo - SC,2010,Total,93.9
4211009,Mondaí - SC,2010,Total,95.8
4211058,Monte Carlo - SC,2010,Total,88.9
4211108,Monte Castelo - SC,2010,Total,93.4
4211207,Morro da Fumaça - SC,2010,Total,95.1
4211256,Morro Grande - SC,2010,Total,94.4
4211306,Navegantes - SC,2010,Total,96.1
4211405,Nova Erechim - SC,2010,Total,94.7
4211454,Nova Itaberaba - SC,2010,Total,91.9
4211504,Nova Trento - SC,2010,Total,96.5
4211603,Nova Veneza - SC,2010,Total,97.0
4211652,Novo Horizonte - SC,2010,Total,88.2
4211702,Orleans - SC,2010,Total,95.8
4211751,Otacílio Costa - SC,2010,Total,94.0
4211801,Ouro - SC,2010,Total,96.1
4211850,Ouro Verde - SC,2010,Total,89.5
4211876,Paial - SC,2010,Total,91.6
4211892,Painel - SC,2010,Total,90.7
4211900,Palhoça - SC,2010,Total,96.4
4212007,Palma Sola - SC,2010,Total,92.1
4212056,Palmeira - SC,2010,Total,89.6
4212106,Palmitos - SC,2010,Total,93.6
4212205,Papanduva - SC,2010,Total,93.8
4212239,Paraíso - SC,2010,Total,90.0
4212254,Passo de Torres - SC,2010,Total,93.7
4212270,Passos Maia - SC,2010,Total,91.5
4212304,Paulo Lopes - SC,2010,Total,89.9
4212403,Pedras Grandes - SC,2010,Total,95.3
4212502,Penha - SC,2010,Total,96.7
4212601,Peritiba - SC,2010,Total,98.1
4212700,Petrolândia - SC,2010,Total,93.1
4212809,Balneário Piçarras - SC,2010,Total,95.8
4212908,Pinhalzinho - SC,2010,Total,95.4
4213005,Pinheiro Preto - SC,2010,Total,95.8
4213104,Piratuba - SC,2010,Total,94.9
4213153,Planalto Alegre - SC,2010,Total,89.1
4213203,Pomerode - SC,2010,Total,98.4
4213302,Ponte Alta - SC,2010,Total,89.8
4213351,Ponte Alta do Norte - SC,2010,Total,91.5
4213401,Ponte Serrada - SC,2010,Total,91.3
4213500,Porto Belo - SC,2010,Total,95.7
4213609,Porto União - SC,2010,Total,96.8
4213708,Pouso Redondo - SC,2010,Total,94.7
4213807,Praia Grande - SC,2010,Total,91.2
4213906,Presidente Castello Branco - SC,2010,Total,95.7
4214003,Presidente Getúlio - SC,2010,Total,97.1
4214102,Presidente Nereu - SC,2010,Total,89.6
4214151,Princesa - SC,2010,Total,90.6
4214201,Quilombo - SC,2010,Total,92.3
4214300,Rancho Queimado - SC,2010,Total,93.6
4214409,Rio das Antas - SC,2010,Total,94.5
4214508,Rio do Campo - SC,2010,Total,94.6
4214607,Rio do Oeste - SC,2010,Total,95.5
4214706,Rio dos Cedros - SC,2010,Total,97.1
4214805,Rio do Sul - SC,2010,Total,97.3
4214904,Rio Fortuna - SC,2010,Total,97.3
4215000,Rio Negrinho - SC,2010,Total,96.4
4215059,Rio Rufino - SC,2010,Total,91.4
4215075,Riqueza - SC,2010,Total,92.3
4215109,Rodeio - SC,2010,Total,96.2
4215208,Romelândia - SC,2010,Total,89.6
4215307,Salete - SC,2010,Total,95.8
4215356,Saltinho - SC,2010,Total,87.7
4215406,Salto Veloso - SC,2010,Total,93.4
4215455,Sangão - SC,2010,Total,93.2
4215505,Santa Cecília - SC,2010,Total,91.4
4215554,Santa Helena - SC,2010,Total,91.0
4215604,Santa Rosa de Lima - SC,2010,Total,95.6
4215653,Santa Rosa do Sul - SC,2010,Total,94.0
4215679,Santa Terezinha - SC,2010,Total,95.0
4215687,Santa Terezinha do Progresso - SC,2010,Total,88.2
4215695,Santiago do Sul - SC,2010,Total,89.6
4215703,Santo Amaro da Imperatriz - SC,2010,Total,95.3
4215752,São Bernardino - SC,2010,Total,89.9
4215802,São Bento do Sul - SC,2010,Total,97.7
4215901,São Bonifácio - SC,2010,Total,96.6
4216008,São Carlos - SC,2010,Total,95.4
4216057,São Cristóvão do Sul - SC,2010,Total,88.6
4216107,São Domingos - SC,2010,Total,91.6
4216206,São Francisco do Sul - SC,2010,Total,96.6
4216255,São João do Oeste - SC,2010,Total,99.0
4216305,São João Batista - SC,2010,Total,96.8
4216354,São João do Itaperiú - SC,2010,Total,94.0
4216404,São João do Sul - SC,2010,Total,93.0
4216503,São Joaquim - SC,2010,Total,94.6
4216602,São José - SC,2010,Total,97.4
4216701,São José do Cedro - SC,2010,Total,94.5
4216800,São José do Cerrito - SC,2010,Total,88.1
4216909,São Lourenço do Oeste - SC,2010,Total,93.9
4217006,São Ludgero - SC,2010,Total,96.5
4217105,São Martinho - SC,2010,Total,96.1
4217154,São Miguel da Boa Vista - SC,2010,Total,90.0
4217204,São Miguel do Oeste - SC,2010,Total,95.7
4217253,São Pedro de Alcântara - SC,2010,Total,94.4
4217303,Saudades - SC,2010,Total,96.0
4217402,Schroeder - SC,2010,Total,98.1
4217501,Seara - SC,2010,Total,95.2
4217550,Serra Alta - SC,2010,Total,94.5
4217600,Siderópolis - SC,2010,Total,95.9
4217709,Sombrio - SC,2010,Total,95.1
4217758,Sul Brasil - SC,2010,Total,87.8
4217808,Taió - SC,2010,Total,95.9
4217907,Tangará - SC,2010,Total,93.9
4217956,Tigrinhos - SC,2010,Total,90.7
4218004,Tijucas - SC,2010,Total,94.6
4218103,Timbé do Sul - SC,2010,Total,92.2
4218202,Timbó - SC,2010,Total,98.3
4218251,Timbó Grande - SC,2010,Total,91.6
4218301,Três Barras - SC,2010,Total,94.1
4218350,Treviso - SC,2010,Total,97.9
4218400,Treze de Maio - SC,2010,Total,94.6
4218509,Treze Tílias - SC,2010,Total,95.9
4218608,Trombudo Central - SC,2010,Total,96.0
4218707,Tubarão - SC,2010,Total,96.8
4218756,Tunápolis - SC,2010,Total,96.3
4218806,Turvo - SC,2010,Total,95.6
4218855,União do Oeste - SC,2010,Total,91.1
4218905,Urubici - SC,2010,Total,93.9
4218954,Urupema - SC,2010,Total,93.5
4219002,Urussanga - SC,2010,Total,96.9
4219101,Vargeão - SC,2010,Total,92.3
4219150,Vargem - SC,2010,Total,87.1
4219176,Vargem Bonita - SC,2010,Total,93.9
4219200,Vidal Ramos - SC,2010,Total,92.3
4219309,Videira - SC,2010,Total,96.7
4219358,Vitor Meireles - SC,2010,Total,92.9
4219408,Witmarsum - SC,2010,Total,95.6
4219507,Xanxerê - SC,2010,Total,94.9
4219606,Xavantina - SC,2010,Total,94.0
4219705,Xaxim - SC,2010,Total,94.8
4219853,Zortéa - SC,2010,Total,93.4
4300034,Aceguá - RS,2010,Total,94.2
4300059,Água Santa - RS,2010,Total,95.1
4300109,Agudo - RS,2010,Total,93.7
4300208,Ajuricaba - RS,2010,Total,95.1
4300307,Alecrim - RS,2010,Total,92.7
4300406,Alegrete - RS,2010,Total,94.5
4300455,Alegria - RS,2010,Total,90.5
4300471,Almirante Tamandaré do Sul - RS,2010,Total,95.9
4300505,Alpestre - RS,2010,Total,88.3
4300554,Alto Alegre - RS,2010,Total,93.1
4300570,Alto Feliz - RS,2010,Total,97.5
4300604,Alvorada - RS,2010,Total,96.3
4300638,Amaral Ferrador - RS,2010,Total,88.8
4300646,Ametista do Sul - RS,2010,Total,89.6
4300661,André da Rocha - RS,2010,Total,93.9
4300703,Anta Gorda - RS,2010,Total,94.7
4300802,Antônio Prado - RS,2010,Total,95.5
4300851,Arambaré - RS,2010,Total,93.1
4300877,Araricá - RS,2010,Total,95.4
4300901,Aratiba - RS,2010,Total,96.0
4301008,Arroio do Meio - RS,2010,Total,98.2
4301057,Arroio do Sal - RS,2010,Total,96.4
4301073,Arroio do Padre - RS,2010,Total,95.4
4301107,Arroio dos Ratos - RS,2010,Total,93.5
4301206,Arroio do Tigre - RS,2010,Total,93.4
4301305,Arroio Grande - RS,2010,Total,92.5
4301404,Arvorezinha - RS,2010,Total,92.3
4301503,Augusto Pestana - RS,2010,Total,96.0
4301552,Áurea - RS,2010,Total,95.0
4301602,Bagé - RS,2010,Total,95.4
4301636,Balneário Pinhal - RS,2010,Total,95.2
4301651,Barão - RS,2010,Total,97.2
4301701,Barão de Cotegipe - RS,2010,Total,96.4
4301750,Barão do Triunfo - RS,2010,Total,91.0
4301800,Barracão - RS,2010,Total,91.9
4301859,Barra do Guarita - RS,2010,Total,90.9
4301875,Barra do Quaraí - RS,2010,Total,93.4
4301909,Barra do Ribeiro - RS,2010,Total,93.3
4301925,Barra do Rio Azul - RS,2010,Total,92.6
4301958,Barra Funda - RS,2010,Total,95.3
4302006,Barros Cassal - RS,2010,Total,86.5
4302055,Benjamin Constant do Sul - RS,2010,Total,88.0
4302105,Bento Gonçalves - RS,2010,Total,97.9
4302154,Boa Vista das Missões - RS,2010,Total,91.9
4302204,Boa Vista do Buricá - RS,2010,Total,98.2
4302220,Boa Vista do Cadeado - RS,2010,Total,95.1
4302238,Boa Vista do Incra - RS,2010,Total,95.4
4302253,Boa Vista do Sul - RS,2010,Total,93.1
4302303,Bom Jesus - RS,2010,Total,92.8
4302352,Bom Princípio - RS,2010,Total,98.4
4302378,Bom Progresso - RS,2010,Total,90.7
4302402,Bom Retiro do Sul - RS,2010,Total,96.7
4302451,Boqueirão do Leão - RS,2010,Total,90.2
4302501,Bossoroca - RS,2010,Total,92.7
4302584,Bozano - RS,2010,Total,95.1
4302600,Braga - RS,2010,Total,87.5
4302659,Brochier - RS,2010,Total,96.8
4302709,Butiá - RS,2010,Total,92.1
4302808,Caçapava do Sul - RS,2010,Total,92.3
4302907,Cacequi - RS,2010,Total,93.0
4303004,Cachoeira do Sul - RS,2010,Total,93.0
4303103,Cachoeirinha - RS,2010,Total,97.2
4303202,Cacique Doble - RS,2010,Total,90.7
4303301,Caibaté - RS,2010,Total,93.5
4303400,Caiçara - RS,2010,Total,93.0
4303509,Camaquã - RS,2010,Total,93.3
4303558,Camargo - RS,2010,Total,91.8
4303608,Cambará do Sul - RS,2010,Total,93.6
4303673,Campestre da Serra - RS,2010,Total,94.2
4303707,Campina das Missões - RS,2010,Total,96.2
4303806,Campinas do Sul - RS,2010,Total,95.6
4303905,Campo Bom - RS,2010,Total,97.1
4304002,Campo Novo - RS,2010,Total,88.3
4304101,Campos Borges - RS,2010,Total,91.1
4304200,Candelária - RS,2010,Total,91.2
4304309,Cândido Godói - RS,2010,Total,96.8
4304358,Candiota - RS,2010,Total,95.0
4304408,Canela - RS,2010,Total,96.1
4304507,Canguçu - RS,2010,Total,91.5
4304606,Canoas - RS,2010,Total,97.5
4304614,Canudos do Vale - RS,2010,Total,90.0
4304622,Capão Bonito do Sul - RS,2010,Total,90.8
4304630,Capão da Canoa - RS,2010,Total,96.5
4304655,Capão do Cipó - RS,2010,Total,94.1
4304663,Capão do Leão - RS,2010,Total,93.1
4304671,Capivari do Sul - RS,2010,Total,92.8
4304689,Capela de Santana - RS,2010,Total,94.6
4304697,Capitão - RS,2010,Total,94.8
4304705,Carazinho - RS,2010,Total,96.2
4304713,Caraá - RS,2010,Total,88.9
4304804,Carlos Barbosa - RS,2010,Total,97.6
4304853,Carlos Gomes - RS,2010,Total,95.6
4304903,Casca - RS,2010,Total,96.3
4304952,Caseiros - RS,2010,Total,90.8
4305009,Catuípe - RS,2010,Total,94.4
4305108,Caxias do Sul - RS,2010,Total,97.7
4305116,Centenário - RS,2010,Total,96.1
4305124,Cerrito - RS,2010,Total,88.9
4305132,Cerro Branco - RS,2010,Total,87.8
4305157,Cerro Grande - RS,2010,Total,87.3
4305173,Cerro Grande do Sul - RS,2010,Total,91.0
4305207,Cerro Largo - RS,2010,Total,95.8
4305306,Chapada - RS,2010,Total,95.9
4305355,Charqueadas - RS,2010,Total,95.6
4305371,Charrua - RS,2010,Total,88.3
4305405,Chiapetta - RS,2010,Total,94.2
4305439,Chuí - RS,2010,Total,98.2
4305447,Chuvisca - RS,2010,Total,91.2
4305454,Cidreira - RS,2010,Total,96.6
4305504,Ciríaco - RS,2010,Total,93.4
4305587,Colinas - RS,2010,Total,97.2
4305603,Colorado - RS,2010,Total,95.8
4305702,Condor - RS,2010,Total,95.0
4305801,Constantina - RS,2010,Total,92.3
4305835,Coqueiro Baixo - RS,2010,Total,93.2
4305850,Coqueiros do Sul - RS,2010,Total,95.2
4305871,Coronel Barros - RS,2010,Total,97.1
4305900,Coronel Bicaco - RS,2010,Total,89.7
4305934,Coronel Pilar - RS,2010,Total,96.2
4305959,Cotiporã - RS,2010,Total,95.8
4305975,Coxilha - RS,2010,Total,93.7
4306007,Crissiumal - RS,2010,Total,95.5
4306056,Cristal - RS,2010,Total,91.3
4306072,Cristal do Sul - RS,2010,Total,88.9
4306106,Cruz Alta - RS,2010,Total,95.8
4306130,Cruzaltense - RS,2010,Total,93.8
4306205,Cruzeiro do Sul - RS,2010,Total,96.4
4306304,David Canabarro - RS,2010,Total,93.2
4306320,Derrubadas - RS,2010,Total,91.2
4306353,Dezesseis de Novembro - RS,2010,Total,88.9
4306379,Dilermando de Aguiar - RS,2010,Total,87.6
4306403,Dois Irmãos - RS,2010,Total,98.1
4306429,Dois Irmãos das Missões - RS,2010,Total,88.5
4306452,Dois Lajeados - RS,2010,Total,95.2
4306502,Dom Feliciano - RS,2010,Total,88.8
4306551,Dom Pedro de Alcântara - RS,2010,Total,94.7
4306601,Dom Pedrito - RS,2010,Total,94.5
4306700,Dona Francisca - RS,2010,Total,93.4
4306734,Doutor Maurício Cardoso - RS,2010,Total,94.2
4306759,Doutor Ricardo - RS,2010,Total,93.3
4306767,Eldorado do Sul - RS,2010,Total,96.1
4306809,Encantado - RS,2010,Total,96.9
4306908,Encruzilhada do Sul - RS,2010,Total,90.0
4306924,Engenho Velho - RS,2010,Total,90.6
4306932,Entre-Ijuís - RS,2010,Total,94.3
4306957,Entre Rios do Sul - RS,2010,Total,91.7
4306973,Erebango - RS,2010,Total,93.7
4307005,Erechim - RS,2010,Total,96.9
4307054,Ernestina - RS,2010,Total,94.2
4307104,Herval - RS,2010,Total,92.8
4307203,Erval Grande - RS,2010,Total,89.2
4307302,Erval Seco - RS,2010,Total,89.2
4307401,Esmeralda - RS,2010,Total,92.4
4307450,Esperança do Sul - RS,2010,Total,90.8
4307500,Espumoso - RS,2010,Total,93.1
4307559,Estação - RS,2010,Total,96.6
4307609,Estância Velha - RS,2010,Total,97.5
4307708,Esteio - RS,2010,Total,97.5
4307807,Estrela - RS,2010,Total,97.6
4307815,Estrela Velha - RS,2010,Total,91.8
4307831,Eugênio de Castro - RS,2010,Total,94.0
4307864,Fagundes Varela - RS,2010,Total,96.2
4307906,Farroupilha - RS,2010,Total,97.5
4308003,Faxinal do Soturno - RS,2010,Total,95.3
4308052,Faxinalzinho - RS,2010,Total,91.5
4308078,Fazenda Vilanova - RS,2010,Total,94.6
4308102,Feliz - RS,2010,Total,99.1
4308201,Flores da Cunha - RS,2010,Total,97.0
4308250,Floriano Peixoto - RS,2010,Total,95.9
4308300,Fontoura Xavier - RS,2010,Total,84.8
4308409,Formigueiro - RS,2010,Total,89.6
4308433,Forquetinha - RS,2010,Total,93.8
4308458,Fortaleza dos Valos - RS,2010,Total,94.2
4308508,Frederico Westphalen - RS,2010,Total,95.7
4308607,Garibaldi - RS,2010,Total,97.5
4308656,Garruchos - RS,2010,Total,88.7
4308706,Gaurama - RS,2010,Total,96.1
4308805,General Câmara - RS,2010,Total,91.2
4308854,Gentil - RS,2010,Total,93.0
4308904,Getúlio Vargas - RS,2010,Total,96.1
4309001,Giruá - RS,2010,Total,93.8
4309050,Glorinha - RS,2010,Total,92.6
4309100,Gramado - RS,2010,Total,97.4
4309126,Gramado dos Loureiros - RS,2010,Total,88.5
4309159,Gramado Xavier - RS,2010,Total,91.2
4309209,Gravataí - RS,2010,Total,97.0
4309258,Guabiju - RS,2010,Total,95.6
4309308,Guaíba - RS,2010,Total,96.4
4309407,Guaporé - RS,2010,Total,96.4
4309506,Guarani das Missões - RS,2010,Total,95.3
4309555,Harmonia - RS,2010,Total,98.0
4309571,Herveiras - RS,2010,Total,90.9
4309605,Horizontina - RS,2010,Total,97.3
4309654,Hulha Negra - RS,2010,Total,92.1
4309704,Humaitá - RS,2010,Total,96.6
4309753,Ibarama - RS,2010,Total,93.6
4309803,Ibiaçá - RS,2010,Total,93.7
4309902,Ibiraiaras - RS,2010,Total,94.4
4309951,Ibirapuitã - RS,2010,Total,91.0
4310009,Ibirubá - RS,2010,Total,96.7
4310108,Igrejinha - RS,2010,Total,96.8
4310207,Ijuí - RS,2010,Total,96.1
4310306,Ilópolis - RS,2010,Total,93.7
4310330,Imbé - RS,2010,Total,97.0
4310363,Imigrante - RS,2010,Total,98.6
4310405,Independência - RS,2010,Total,92.6
4310413,Inhacorá - RS,2010,Total,90.2
4310439,Ipê - RS,2010,Total,94.2
4310462,Ipiranga do Sul - RS,2010,Total,96.8
4310504,Iraí - RS,2010,Total,91.2
4310538,Itaara - RS,2010,Total,94.7
4310553,Itacurubi - RS,2010,Total,92.3
4310579,Itapuca - RS,2010,Total,91.7
4310603,Itaqui - RS,2010,Total,94.3
4310652,Itati - RS,2010,Total,88.1
4310702,Itatiba do Sul - RS,2010,Total,89.8
4310751,Ivorá - RS,2010,Total,95.4
4310801,Ivoti - RS,2010,Total,98.2
4310850,Jaboticaba - RS,2010,Total,89.1
4310876,Jacuizinho - RS,2010,Total,89.5
4310900,Jacutinga - RS,2010,Total,94.1
4311007,Jaguarão - RS,2010,Total,93.8
4311106,Jaguari - RS,2010,Total,94.5
4311122,Jaquirana - RS,2010,Total,90.3
4311130,Jari - RS,2010,Total,92.8
4311155,Jóia - RS,2010,Total,94.3
4311205,Júlio de Castilhos - RS,2010,Total,94.8
4311239,Lagoa Bonita do Sul - RS,2010,Total,90.3
4311254,Lagoão - RS,2010,Total,82.0
4311270,Lagoa dos Três Cantos - RS,2010,Total,97.9
4311304,Lagoa Vermelha - RS,2010,Total,93.2
4311403,Lajeado - RS,2010,Total,97.4
4311429,Lajeado do Bugre - RS,2010,Total,83.8
4311502,Lavras do Sul - RS,2010,Total,91.6
4311601,Liberato Salzano - RS,2010,Total,88.4
4311627,Lindolfo Collor - RS,2010,Total,96.5
4311643,Linha Nova - RS,2010,Total,97.3
4311700,Machadinho - RS,2010,Total,90.2
4311718,Maçambará - RS,2010,Total,91.6
4311734,Mampituba - RS,2010,Total,90.6
4311759,Manoel Viana - RS,2010,Total,91.1
4311775,Maquiné - RS,2010,Total,93.1
4311791,Maratá - RS,2010,Total,97.1
4311809,Marau - RS,2010,Total,97.2
4311908,Marcelino Ramos - RS,2010,Total,94.1
4311981,Mariana Pimentel - RS,2010,Total,92.9
4312005,Mariano Moro - RS,2010,Total,93.2
4312054,Marques de Souza - RS,2010,Total,93.5
4312104,Mata - RS,2010,Total,93.1
4312138,Mato Castelhano - RS,2010,Total,91.2
4312153,Mato Leitão - RS,2010,Total,96.5
4312179,Mato Queimado - RS,2010,Total,93.1
4312203,Maximiliano de Almeida - RS,2010,Total,92.0
4312252,Minas do Leão - RS,2010,Total,90.7
4312302,Miraguaí - RS,2010,Total,91.2
4312351,Montauri - RS,2010,Total,93.7
4312377,Monte Alegre dos Campos - RS,2010,Total,90.5
4312385,Monte Belo do Sul - RS,2010,Total,97.7
4312401,Montenegro - RS,2010,Total,96.5
4312427,Mormaço - RS,2010,Total,90.6
4312443,Morrinhos do Sul - RS,2010,Total,91.9
4312450,Morro Redondo - RS,2010,Total,91.6
4312476,Morro Reuter - RS,2010,Total,98.9
4312500,Mostardas - RS,2010,Total,89.6
4312609,Muçum - RS,2010,Total,95.8
4312617,Muitos Capões - RS,2010,Total,93.6
4312625,Muliterno - RS,2010,Total,93.9
4312658,Não-Me-Toque - RS,2010,Total,96.5
4312674,Nicolau Vergueiro - RS,2010,Total,94.8
4312708,Nonoai - RS,2010,Total,90.1
4312757,Nova Alvorada - RS,2010,Total,92.7
4312807,Nova Araçá - RS,2010,Total,97.7
4312906,Nova Bassano - RS,2010,Total,96.9
4312955,Nova Boa Vista - RS,2010,Total,97.7
4313003,Nova Bréscia - RS,2010,Total,96.5
4313011,Nova Candelária - RS,2010,Total,98.0
4313037,Nova Esperança do Sul - RS,2010,Total,95.2
4313060,Nova Hartz - RS,2010,Total,96.9
4313086,Nova Pádua - RS,2010,Total,96.5
4313102,Nova Palma - RS,2010,Total,96.6
4313201,Nova Petrópolis - RS,2010,Total,98.1
4313300,Nova Prata - RS,2010,Total,97.3
4313334,Nova Ramada - RS,2010,Total,93.9
4313359,Nova Roma do Sul - RS,2010,Total,95.6
4313375,Nova Santa Rita - RS,2010,Total,95.8
4313391,Novo Cabrais - RS,2010,Total,92.1
4313409,Novo Hamburgo - RS,2010,Total,96.8
4313425,Novo Machado - RS,2010,Total,93.3
4313441,Novo Tiradentes - RS,2010,Total,86.0
4313466,Novo Xingu - RS,2010,Total,94.8
4313490,Novo Barreiro - RS,2010,Total,89.9
4313508,Osório - RS,2010,Total,96.1
4313607,Paim Filho - RS,2010,Total,92.9
4313656,Palmares do Sul - RS,2010,Total,92.4
4313706,Palmeira das Missões - RS,2010,Total,92.0
4313805,Palmitinho - RS,2010,Total,91.7
4313904,Panambi - RS,2010,Total,97.2
4313953,Pantano Grande - RS,2010,Total,90.3
4314001,Paraí - RS,2010,Total,97.4
4314027,Paraíso do Sul - RS,2010,Total,92.9
4314035,Pareci Novo - RS,2010,Total,98.4
4314050,Parobé - RS,2010,Total,95.8
4314068,Passa Sete - RS,2010,Total,88.4
4314076,Passo do Sobrado - RS,2010,Total,94.4
4314100,Passo Fundo - RS,2010,Total,96.6
4314134,Paulo Bento - RS,2010,Total,96.2
4314159,Paverama - RS,2010,Total,94.1
4314175,Pedras Altas - RS,2010,Total,91.0
4314209,Pedro Osório - RS,2010,Total,92.0
4314308,Pejuçara - RS,2010,Total,96.0
4314407,Pelotas - RS,2010,Total,96.1
4314423,Picada Café - RS,2010,Total,97.8
4314456,Pinhal - RS,2010,Total,91.4
4314464,Pinhal da Serra - RS,2010,Total,92.5
4314472,Pinhal Grande - RS,2010,Total,92.7
4314498,Pinheirinho do Vale - RS,2010,Total,90.5
4314506,Pinheiro Machado - RS,2010,Total,90.9
4314555,Pirapó - RS,2010,Total,87.2
4314605,Piratini - RS,2010,Total,90.4
4314704,Planalto - RS,2010,Total,89.7
4314753,Poço das Antas - RS,2010,Total,97.5
4314779,Pontão - RS,2010,Total,95.5
4314787,Ponte Preta - RS,2010,Total,94.0
4314803,Portão - RS,2010,Total,95.7
4314902,Porto Alegre - RS,2010,Total,97.8
4315008,Porto Lucena - RS,2010,Total,91.8
4315057,Porto Mauá - RS,2010,Total,93.9
4315073,Porto Vera Cruz - RS,2010,Total,92.7
4315107,Porto Xavier - RS,2010,Total,89.8
4315131,Pouso Novo - RS,2010,Total,91.8
4315149,Presidente Lucena - RS,2010,Total,97.9
4315156,Progresso - RS,2010,Total,92.0
4315172,Protásio Alves - RS,2010,Total,93.4
4315206,Putinga - RS,2010,Total,91.8
4315305,Quaraí - RS,2010,Total,94.8
4315313,Quatro Irmãos - RS,2010,Total,90.7
4315321,Quevedos - RS,2010,Total,92.3
4315354,Quinze de Novembro - RS,2010,Total,96.9
4315404,Redentora - RS,2010,Total,85.3
4315453,Relvado - RS,2010,Total,95.6
4315503,Restinga Sêca - RS,2010,Total,93.4
4315552,Rio dos Índios - RS,2010,Total,86.6
4315602,Rio Grande - RS,2010,Total,95.6
4315701,Rio Pardo - RS,2010,Total,92.3
4315750,Riozinho - RS,2010,Total,92.4
4315800,Roca Sales - RS,2010,Total,97.0
4315909,Rodeio Bonito - RS,2010,Total,92.5
4315958,Rolador - RS,2010,Total,92.7
4316006,Rolante - RS,2010,Total,93.9
4316105,Ronda Alta - RS,2010,Total,93.3
4316204,Rondinha - RS,2010,Total,96.0
4316303,Roque Gonzales - RS,2010,Total,93.4
4316402,Rosário do Sul - RS,2010,Total,92.8
4316428,Sagrada Família - RS,2010,Total,88.1
4316436,Saldanha Marinho - RS,2010,Total,95.1
4316451,Salto do Jacuí - RS,2010,Total,92.1
4316477,Salvador das Missões - RS,2010,Total,98.2
4316501,Salvador do Sul - RS,2010,Total,97.8
4316600,Sananduva - RS,2010,Total,94.8
4316709,Santa Bárbara do Sul - RS,2010,Total,93.8
4316733,Santa Cecília do Sul - RS,2010,Total,95.3
4316758,Santa Clara do Sul - RS,2010,Total,96.3
4316808,Santa Cruz do Sul - RS,2010,Total,96.8
4316907,Santa Maria - RS,2010,Total,97.0
4316956,Santa Maria do Herval - RS,2010,Total,98.2
4316972,Santa Margarida do Sul - RS,2010,Total,88.9
4317004,Santana da Boa Vista - RS,2010,Total,87.1
4317103,Sant'Ana do Livramento - RS,2010,Total,96.0
4317202,Santa Rosa - RS,2010,Total,96.5
4317251,Santa Tereza - RS,2010,Total,96.7
4317301,Santa Vitória do Palmar - RS,2010,Total,94.1
4317400,Santiago - RS,2010,Total,95.6
4317509,Santo Ângelo - RS,2010,Total,96.0
4317558,Santo Antônio do Palma - RS,2010,Total,95.2
4317608,Santo Antônio da Patrulha - RS,2010,Total,91.6
4317707,Santo Antônio das Missões - RS,2010,Total,91.4
4317756,Santo Antônio do Planalto - RS,2010,Total,94.8
4317806,Santo Augusto - RS,2010,Total,91.6
4317905,Santo Cristo - RS,2010,Total,97.5
4317954,Santo Expedito do Sul - RS,2010,Total,92.8
4318002,São Borja - RS,2010,Total,94.0
4318051,São Domingos do Sul - RS,2010,Total,95.8
4318101,São Francisco de Assis - RS,2010,Total,92.0
4318200,São Francisco de Paula - RS,2010,Total,93.2
4318309,São Gabriel - RS,2010,Total,92.6
4318408,São Jerônimo - RS,2010,Total,92.1
4318424,São João da Urtiga - RS,2010,Total,91.6
4318432,São João do Polêsine - RS,2010,Total,95.7
4318440,São Jorge - RS,2010,Total,96.4
4318457,São José das Missões - RS,2010,Total,91.3
4318465,São José do Herval - RS,2010,Total,85.5
4318481,São José do Hortêncio - RS,2010,Total,98.7
4318499,São José do Inhacorá - RS,2010,Total,97.5
4318507,São José do Norte - RS,2010,Total,84.0
4318606,São José do Ouro - RS,2010,Total,94.4
4318614,São José do Sul - RS,2010,Total,97.8
4318622,São José dos Ausentes - RS,2010,Total,93.6
4318705,São Leopoldo - RS,2010,Total,97.0
4318804,São Lourenço do Sul - RS,2010,Total,95.3
4318903,São Luiz Gonzaga - RS,2010,Total,93.8
4319000,São Marcos - RS,2010,Total,96.3
4319109,São Martinho - RS,2010,Total,94.3
4319125,São Martinho da Serra - RS,2010,Total,91.1
4319158,São Miguel das Missões - RS,2010,Total,91.7
4319208,São Nicolau - RS,2010,Total,88.4
4319307,São Paulo das Missões - RS,2010,Total,94.2
4319356,São Pedro da Serra - RS,2010,Total,98.2
4319364,São Pedro das Missões - RS,2010,Total,87.2
4319372,São Pedro do Butiá - RS,2010,Total,97.9
4319406,São Pedro do Sul - RS,2010,Total,94.6
4319505,São Sebastião do Caí - RS,2010,Total,96.7
4319604,São Sepé - RS,2010,Total,93.0
4319703,São Valentim - RS,2010,Total,91.4
4319711,São Valentim do Sul - RS,2010,Total,96.0
4319737,São Valério do Sul - RS,2010,Total,87.1
4319752,São Vendelino - RS,2010,Total,98.9
4319802,São Vicente do Sul - RS,2010,Total,93.1
4319901,Sapiranga - RS,2010,Total,96.4
4320008,Sapucaia do Sul - RS,2010,Total,96.9
4320107,Sarandi - RS,2010,Total,95.3
4320206,Seberi - RS,2010,Total,92.6
4320230,Sede Nova - RS,2010,Total,92.0
4320263,Segredo - RS,2010,Total,91.1
4320305,Selbach - RS,2010,Total,96.5
4320321,Senador Salgado Filho - RS,2010,Total,94.3
4320354,Sentinela do Sul - RS,2010,Total,93.1
4320404,Serafina Corrêa - RS,2010,Total,97.1
4320453,Sério - RS,2010,Total,88.9
4320503,Sertão - RS,2010,Total,94.3
4320552,Sertão Santana - RS,2010,Total,93.3
4320578,Sete de Setembro - RS,2010,Total,95.3
4320602,Severiano de Almeida - RS,2010,Total,94.3
4320651,Silveira Martins - RS,2010,Total,94.9
4320677,Sinimbu - RS,2010,Total,92.5
4320701,Sobradinho - RS,2010,Total,93.9
4320800,Soledade - RS,2010,Total,91.8
4320859,Tabaí - RS,2010,Total,92.5
4320909,Tapejara - RS,2010,Total,96.5
4321006,Tapera - RS,2010,Total,95.2
4321105,Tapes - RS,2010,Total,93.6
4321204,Taquara - RS,2010,Total,95.9
4321303,Taquari - RS,2010,Total,94.0
4321329,Taquaruçu do Sul - RS,2010,Total,91.9
4321352,Tavares - RS,2010,Total,86.6
4321402,Tenente Portela - RS,2010,Total,92.1
4321436,Terra de Areia - RS,2010,Total,93.3
4321451,Teutônia - RS,2010,Total,98.1
4321469,Tio Hugo - RS,2010,Total,94.2
4321477,Tiradentes do Sul - RS,2010,Total,90.1
4321493,Toropi - RS,2010,Total,94.4
4321501,Torres - RS,2010,Total,95.7
4321600,Tramandaí - RS,2010,Total,96.2
4321626,Travesseiro - RS,2010,Total,96.2
4321634,Três Arroios - RS,2010,Total,96.3
4321667,Três Cachoeiras - RS,2010,Total,94.5
4321709,Três Coroas - RS,2010,Total,96.3
4321808,Três de Maio - RS,2010,Total,95.8
4321832,Três Forquilhas - RS,2010,Total,88.5
4321857,Três Palmeiras - RS,2010,Total,89.9
4321907,Três Passos - RS,2010,Total,95.0
4321956,Trindade do Sul - RS,2010,Total,89.7
4322004,Triunfo - RS,2010,Total,94.0
4322103,Tucunduva - RS,2010,Total,95.1
4322152,Tunas - RS,2010,Total,88.9
4322186,Tupanci do Sul - RS,2010,Total,90.6
4322202,Tupanciretã - RS,2010,Total,94.9
4322251,Tupandi - RS,2010,Total,98.2
4322301,Tuparendi - RS,2010,Total,95.2
4322327,Turuçu - RS,2010,Total,94.1
4322343,Ubiretama - RS,2010,Total,96.1
4322350,União da Serra - RS,2010,Total,95.1
4322376,Unistalda - RS,2010,Total,91.6
4322400,Uruguaiana - RS,2010,Total,96.3
4322509,Vacaria - RS,2010,Total,95.2
4322525,Vale Verde - RS,2010,Total,90.4
4322533,Vale do Sol - RS,2010,Total,94.2
4322541,Vale Real - RS,2010,Total,97.2
4322558,Vanini - RS,2010,Total,94.0
4322608,Venâncio Aires - RS,2010,Total,95.6
4322707,Vera Cruz - RS,2010,Total,95.6
4322806,Veranópolis - RS,2010,Total,97.3
4322855,Vespasiano Corrêa - RS,2010,Total,93.0
4322905,Viadutos - RS,2010,Total,94.9
4323002,Viamão - RS,2010,Total,96.1
4323101,Vicente Dutra - RS,2010,Total,89.8
4323200,Victor Graeff - RS,2010,Total,97.3
4323309,Vila Flores - RS,2010,Total,98.0
4323358,Vila Lângaro - RS,2010,Total,94.7
4323408,Vila Maria - RS,2010,Total,96.0
4323457,Vila Nova do Sul - RS,2010,Total,91.7
4323507,Vista Alegre - RS,2010,Total,93.3
4323606,Vista Alegre do Prata - RS,2010,Total,97.5
4323705,Vista Gaúcha - RS,2010,Total,94.4
4323754,Vitória das Missões - RS,2010,Total,89.4
4323770,Westfália - RS,2010,Total,98.1
4323804,Xangri-lá - RS,2010,Total,97.0
5000203,Água Clara - MS,2010,Total,91.9
5000252,Alcinópolis - MS,2010,Total,90.0
5000609,Amambai - MS,2010,Total,90.0
5000708,Anastácio - MS,2010,Total,89.5
5000807,Anaurilândia - MS,2010,Total,89.2
5000856,Angélica - MS,2010,Total,89.0
5000906,Antônio João - MS,2010,Total,88.2
5001003,Aparecida do Taboado - MS,2010,Total,91.0
5001102,Aquidauana - MS,2010,Total,92.2
5001243,Aral Moreira - MS,2010,Total,87.4
5001508,Bandeirantes - MS,2010,Total,89.1
5001904,Bataguassu - MS,2010,Total,90.6
5002001,Batayporã - MS,2010,Total,88.8
5002100,Bela Vista - MS,2010,Total,91.7
5002159,Bodoquena - MS,2010,Total,90.3
5002209,Bonito - MS,2010,Total,91.5
5002308,Brasilândia - MS,2010,Total,90.4
5002407,Caarapó - MS,2010,Total,89.1
5002605,Camapuã - MS,2010,Total,90.3
5002704,Campo Grande - MS,2010,Total,96.3
5002803,Caracol - MS,2010,Total,92.3
5002902,Cassilândia - MS,2010,Total,89.4
5002951,Chapadão do Sul - MS,2010,Total,95.8
5003108,Corguinho - MS,2010,Total,89.3
5003157,Coronel Sapucaia - MS,2010,Total,84.3
5003207,Corumbá - MS,2010,Total,94.0
5003256,Costa Rica - MS,2010,Total,91.5
5003306,Coxim - MS,2010,Total,90.5
5003454,Deodápolis - MS,2010,Total,88.0
5003488,Dois Irmãos do Buriti - MS,2010,Total,89.2
5003504,Douradina - MS,2010,Total,90.6
5003702,Dourados - MS,2010,Total,94.9
5003751,Eldorado - MS,2010,Total,87.1
5003801,Fátima do Sul - MS,2010,Total,89.2
5003900,Figueirão - MS,2010,Total,90.4
5004007,Glória de Dourados - MS,2010,Total,89.8
5004106,Guia Lopes da Laguna - MS,2010,Total,87.8
5004304,Iguatemi - MS,2010,Total,88.7
5004403,Inocência - MS,2010,Total,87.8
5004502,Itaporã - MS,2010,Total,89.3
5004601,Itaquiraí - MS,2010,Total,85.0
5004700,Ivinhema - MS,2010,Total,90.9
5004809,Japorã - MS,2010,Total,79.8
5004908,Jaraguari - MS,2010,Total,91.4
5005004,Jardim - MS,2010,Total,92.8
5005103,Jateí - MS,2010,Total,88.6
5005152,Juti - MS,2010,Total,83.5
5005202,Ladário - MS,2010,Total,93.7
5005251,Laguna Carapã - MS,2010,Total,89.1
5005400,Maracaju - MS,2010,Total,93.4
5005608,Miranda - MS,2010,Total,88.6
5005681,Mundo Novo - MS,2010,Total,89.2
5005707,Naviraí - MS,2010,Total,90.8
5005806,Nioaque - MS,2010,Total,89.1
5006002,Nova Alvorada do Sul - MS,2010,Total,91.2
5006200,Nova Andradina - MS,2010,Total,92.2
5006259,Novo Horizonte do Sul - MS,2010,Total,88.3
5006309,Paranaíba - MS,2010,Total,90.1
5006358,Paranhos - MS,2010,Total,84.2
5006408,Pedro Gomes - MS,2010,Total,84.6
5006606,Ponta Porã - MS,2010,Total,91.7
5006903,Porto Murtinho - MS,2010,Total,90.4
5007109,Ribas do Rio Pardo - MS,2010,Total,90.5
5007208,Rio Brilhante - MS,2010,Total,92.7
5007307,Rio Negro - MS,2010,Total,88.2
5007406,Rio Verde de Mato Grosso - MS,2010,Total,89.1
5007505,Rochedo - MS,2010,Total,93.2
5007554,Santa Rita do Pardo - MS,2010,Total,88.8
5007695,São Gabriel do Oeste - MS,2010,Total,94.7
5007703,Sete Quedas - MS,2010,Total,83.2
5007802,Selvíria - MS,2010,Total,89.5
5007901,Sidrolândia - MS,2010,Total,92.0
5007935,Sonora - MS,2010,Total,88.8
5007950,Tacuru - MS,2010,Total,83.3
5007976,Taquarussu - MS,2010,Total,85.3
5008008,Terenos - MS,2010,Total,92.4
5008305,Três Lagoas - MS,2010,Total,94.0
5008404,Vicentina - MS,2010,Total,86.7
5100102,Acorizal - MT,2010,Total,78.8
5100201,Água Boa - MT,2010,Total,92.8
5100250,Alta Floresta - MT,2010,Total,91.9
5100300,Alto Araguaia - MT,2010,Total,92.1
5100359,Alto Boa Vista - MT,2010,Total,89.8
5100409,Alto Garças - MT,2010,Total,91.4
5100508,Alto Paraguai - MT,2010,Total,86.7
5100607,Alto Taquari - MT,2010,Total,94.0
5100805,Apiacás - MT,2010,Total,87.8
5101001,Araguaiana - MT,2010,Total,88.7
5101209,Araguainha - MT,2010,Total,86.8
5101258,Araputanga - MT,2010,Total,90.0
5101308,Arenápolis - MT,2010,Total,89.0
5101407,Aripuanã - MT,2010,Total,90.9
5101605,Barão de Melgaço - MT,2010,Total,83.7
5101704,Barra do Bugres - MT,2010,Total,88.0
5101803,Barra do Garças - MT,2010,Total,93.3
5101852,Bom Jesus do Araguaia - MT,2010,Total,90.2
5101902,Brasnorte - MT,2010,Total,91.8
5102504,Cáceres - MT,2010,Total,90.7
5102603,Campinápolis - MT,2010,Total,75.0
5102637,Campo Novo do Parecis - MT,2010,Total,95.0
5102678,Campo Verde - MT,2010,Total,94.3
5102686,Campos de Júlio - MT,2010,Total,94.8
5102694,Canabrava do Norte - MT,2010,Total,89.8
5102702,Canarana - MT,2010,Total,89.9
5102793,Carlinda - MT,2010,Total,86.1
5102850,Castanheira - MT,2010,Total,88.2
5103007,Chapada dos Guimarães - MT,2010,Total,88.5
5103056,Cláudia - MT,2010,Total,91.5
5103106,Cocalinho - MT,2010,Total,85.3
5103205,Colíder - MT,2010,Total,90.8
5103254,Colniza - MT,2010,Total,90.2
5103304,Comodoro - MT,2010,Total,88.4
5103353,Confresa - MT,2010,Total,89.6
5103361,Conquista D'Oeste - MT,2010,Total,89.3
5103379,Cotriguaçu - MT,2010,Total,91.2
5103403,Cuiabá - MT,2010,Total,96.0
5103437,Curvelândia - MT,2010,Total,86.2
5103452,Denise - MT,2010,Total,87.4
5103502,Diamantino - MT,2010,Total,93.6
5103601,Dom Aquino - MT,2010,Total,87.3
5103700,Feliz Natal - MT,2010,Total,92.2
5103809,Figueirópolis D'Oeste - MT,2010,Total,88.1
5103858,Gaúcha do Norte - MT,2010,Total,75.3
5103908,General Carneiro - MT,2010,Total,89.0
5103957,Glória D'Oeste - MT,2010,Total,88.1
5104104,Guarantã do Norte - MT,2010,Total,93.2
5104203,Guiratinga - MT,2010,Total,88.5
5104500,Indiavaí - MT,2010,Total,86.7
5104526,Ipiranga do Norte - MT,2010,Total,95.2
5104542,Itanhangá - MT,2010,Total,92.8
5104559,Itaúba - MT,2010,Total,88.4
5104609,Itiquira - MT,2010,Total,93.3
5104807,Jaciara - MT,2010,Total,90.9
5104906,Jangada - MT,2010,Total,82.2
5105002,Jauru - MT,2010,Total,84.6
5105101,Juara - MT,2010,Total,91.1
5105150,Juína - MT,2010,Total,90.9
5105176,Juruena - MT,2010,Total,91.1
5105200,Juscimeira - MT,2010,Total,86.5
5105234,Lambari D'Oeste - MT,2010,Total,85.9
5105259,Lucas do Rio Verde - MT,2010,Total,96.9
5105309,Luciara - MT,2010,Total,87.5
5105507,Vila Bela da Santíssima Trindade - MT,2010,Total,90.6
5105580,Marcelândia - MT,2010,Total,89.7
5105606,Matupá - MT,2010,Total,91.7
5105622,Mirassol d'Oeste - MT,2010,Total,89.5
5105903,Nobres - MT,2010,Total,89.2
5106000,Nortelândia - MT,2010,Total,88.5
5106109,Nossa Senhora do Livramento - MT,2010,Total,79.1
5106158,Nova Bandeirantes - MT,2010,Total,92.9
5106174,Nova Nazaré - MT,2010,Total,74.2
5106182,Nova Lacerda - MT,2010,Total,89.0
5106190,Nova Santa Helena - MT,2010,Total,89.1
5106208,Nova Brasilândia - MT,2010,Total,81.9
5106216,Nova Canaã do Norte - MT,2010,Total,88.7
5106224,Nova Mutum - MT,2010,Total,96.4
5106232,Nova Olímpia - MT,2010,Total,88.6
5106240,Nova Ubiratã - MT,2010,Total,92.2
5106257,Nova Xavantina - MT,2010,Total,90.3
5106265,Novo Mundo - MT,2010,Total,90.1
5106273,Novo Horizonte do Norte - MT,2010,Total,86.7
5106281,Novo São Joaquim - MT,2010,Total,86.3
5106299,Paranaíta - MT,2010,Total,89.9
5106307,Paranatinga - MT,2010,Total,89.6
5106315,Novo Santo Antônio - MT,2010,Total,88.6
5106372,Pedra Preta - MT,2010,Total,88.1
5106422,Peixoto de Azevedo - MT,2010,Total,85.8
5106455,Planalto da Serra - MT,2010,Total,87.5
5106505,Poconé - MT,2010,Total,83.9
5106653,Pontal do Araguaia - MT,2010,Total,91.8
5106703,Ponte Branca - MT,2010,Total,88.2
5106752,Pontes e Lacerda - MT,2010,Total,91.0
5106778,Porto Alegre do Norte - MT,2010,Total,90.6
5106802,Porto dos Gaúchos - MT,2010,Total,89.5
5106828,Porto Esperidião - MT,2010,Total,87.3
5106851,Porto Estrela - MT,2010,Total,77.5
5107008,Poxoréu - MT,2010,Total,84.9
5107040,Primavera do Leste - MT,2010,Total,95.7
5107065,Querência - MT,2010,Total,91.9
5107107,São José dos Quatro Marcos - MT,2010,Total,89.1
5107156,Reserva do Cabaçal - MT,2010,Total,83.9
5107180,Ribeirão Cascalheira - MT,2010,Total,89.1
5107198,Ribeirãozinho - MT,2010,Total,89.5
5107206,Rio Branco - MT,2010,Total,86.9
5107248,Santa Carmem - MT,2010,Total,92.9
5107263,Santo Afonso - MT,2010,Total,84.6
5107297,São José do Povo - MT,2010,Total,86.3
5107305,São José do Rio Claro - MT,2010,Total,89.3
5107354,São José do Xingu - MT,2010,Total,86.5
5107404,São Pedro da Cipa - MT,2010,Total,85.0
5107578,Rondolândia - MT,2010,Total,85.9
5107602,Rondonópolis - MT,2010,Total,93.4
5107701,Rosário Oeste - MT,2010,Total,84.8
5107743,Santa Cruz do Xingu - MT,2010,Total,91.9
5107750,Salto do Céu - MT,2010,Total,86.4
5107768,Santa Rita do Trivelato - MT,2010,Total,95.1
5107776,Santa Terezinha - MT,2010,Total,86.3
5107792,Santo Antônio do Leste - MT,2010,Total,89.6
5107800,Santo Antônio de Leverger - MT,2010,Total,84.8
5107859,São Félix do Araguaia - MT,2010,Total,88.4
5107875,Sapezal - MT,2010,Total,94.8
5107883,Serra Nova Dourada - MT,2010,Total,88.9
5107909,Sinop - MT,2010,Total,95.4
5107925,Sorriso - MT,2010,Total,95.5
5107941,Tabaporã - MT,2010,Total,92.9
5107958,Tangará da Serra - MT,2010,Total,92.4
5108006,Tapurah - MT,2010,Total,95.2
5108055,Terra Nova do Norte - MT,2010,Total,90.1
5108105,Tesouro - MT,2010,Total,89.3
5108204,Torixoréu - MT,2010,Total,88.3
5108303,União do Sul - MT,2010,Total,89.7
5108352,Vale de São Domingos - MT,2010,Total,87.5
5108402,Várzea Grande - MT,2010,Total,94.5
5108501,Vera - MT,2010,Total,92.3
5108600,Vila Rica - MT,2010,Total,91.9
5108808,Nova Guarita - MT,2010,Total,90.0
5108857,Nova Marilândia - MT,2010,Total,89.8
5108907,Nova Maringá - MT,2010,Total,91.3
5108956,Nova Monte Verde - MT,2010,Total,92.3
5200050,Abadia de Goiás - GO,2010,Total,93.0
5200100,Abadiânia - GO,2010,Total,90.2
5200134,Acreúna - GO,2010,Total,86.6
5200159,Adelândia - GO,2010,Total,86.4
5200175,Água Fria de Goiás - GO,2010,Total,86.6
5200209,Água Limpa - GO,2010,Total,90.7
5200258,Águas Lindas de Goiás - GO,2010,Total,93.6
5200308,Alexânia - GO,2010,Total,89.4
5200506,Aloândia - GO,2010,Total,86.2
5200555,Alto Horizonte - GO,2010,Total,88.6
5200605,Alto Paraíso de Goiás - GO,2010,Total,89.9
5200803,Alvorada do Norte - GO,2010,Total,84.3
5200829,Amaralina - GO,2010,Total,85.6
5200852,Americano do Brasil - GO,2010,Total,85.9
5200902,Amorinópolis - GO,2010,Total,83.5
5201108,Anápolis - GO,2010,Total,94.7
5201207,Anhanguera - GO,2010,Total,96.6
5201306,Anicuns - GO,2010,Total,90.5
5201405,Aparecida de Goiânia - GO,2010,Total,95.0
5201454,Aparecida do Rio Doce - GO,2010,Total,88.2
5201504,Aporé - GO,2010,Total,88.3
5201603,Araçu - GO,2010,Total,85.4
5201702,Aragarças - GO,2010,Total,91.7
5201801,Aragoiânia - GO,2010,Total,90.6
5202155,Araguapaz - GO,2010,Total,83.7
5202353,Arenópolis - GO,2010,Total,85.7
5202502,Aruanã - GO,2010,Total,88.6
5202601,Aurilândia - GO,2010,Total,85.7
5202809,Avelinópolis - GO,2010,Total,87.6
5203104,Baliza - GO,2010,Total,84.3
5203203,Barro Alto - GO,2010,Total,88.6
5203302,Bela Vista de Goiás - GO,2010,Total,91.4
5203401,Bom Jardim de Goiás - GO,2010,Total,85.1
5203500,Bom Jesus de Goiás - GO,2010,Total,89.9
5203559,Bonfinópolis - GO,2010,Total,90.4
5203575,Bonópolis - GO,2010,Total,83.2
5203609,Brazabrantes - GO,2010,Total,90.0
5203807,Britânia - GO,2010,Total,86.0
5203906,Buriti Alegre - GO,2010,Total,90.7
5203939,Buriti de Goiás - GO,2010,Total,87.4
5203962,Buritinópolis - GO,2010,Total,83.3
5204003,Cabeceiras - GO,2010,Total,88.2
5204102,Cachoeira Alta - GO,2010,Total,89.8
5204201,Cachoeira de Goiás - GO,2010,Total,87.2
5204250,Cachoeira Dourada - GO,2010,Total,86.3
5204300,Caçu - GO,2010,Total,91.8
5204409,Caiapônia - GO,2010,Total,86.4
5204508,Caldas Novas - GO,2010,Total,94.9
5204557,Caldazinha - GO,2010,Total,90.3
5204607,Campestre de Goiás - GO,2010,Total,88.5
5204656,Campinaçu - GO,2010,Total,87.9
5204706,Campinorte - GO,2010,Total,89.3
5204805,Campo Alegre de Goiás - GO,2010,Total,90.2
5204854,Campo Limpo de Goiás - GO,2010,Total,87.8
5204904,Campos Belos - GO,2010,Total,86.3
5204953,Campos Verdes - GO,2010,Total,82.6
5205000,Carmo do Rio Verde - GO,2010,Total,90.0
5205059,Castelândia - GO,2010,Total,76.8
5205109,Catalão - GO,2010,Total,94.8
5205208,Caturaí - GO,2010,Total,88.6
5205307,Cavalcante - GO,2010,Total,76.3
5205406,Ceres - GO,2010,Total,93.0
5205455,Cezarina - GO,2010,Total,90.1
5205471,Chapadão do Céu - GO,2010,Total,95.8
5205497,Cidade Ocidental - GO,2010,Total,95.0
5205513,Cocalzinho de Goiás - GO,2010,Total,88.7
5205521,Colinas do Sul - GO,2010,Total,85.7
5205703,Córrego do Ouro - GO,2010,Total,89.7
5205802,Corumbá de Goiás - GO,2010,Total,86.2
5205901,Corumbaíba - GO,2010,Total,90.7
5206206,Cristalina - GO,2010,Total,91.7
5206305,Cristianópolis - GO,2010,Total,93.3
5206404,Crixás - GO,2010,Total,89.2
5206503,Cromínia - GO,2010,Total,89.8
5206602,Cumari - GO,2010,Total,91.9
5206701,Damianópolis - GO,2010,Total,82.3
5206800,Damolândia - GO,2010,Total,88.1
5206909,Davinópolis - GO,2010,Total,86.5
5207105,Diorama - GO,2010,Total,88.2
5207253,Doverlândia - GO,2010,Total,86.5
5207352,Edealina - GO,2010,Total,89.3
5207402,Edéia - GO,2010,Total,88.7
5207501,Estrela do Norte - GO,2010,Total,85.8
5207535,Faina - GO,2010,Total,83.4
5207600,Fazenda Nova - GO,2010,Total,86.3
5207808,Firminópolis - GO,2010,Total,90.1
5207907,Flores de Goiás - GO,2010,Total,84.0
5208004,Formosa - GO,2010,Total,92.2
5208103,Formoso - GO,2010,Total,88.1
5208152,Gameleira de Goiás - GO,2010,Total,88.9
5208301,Divinópolis de Goiás - GO,2010,Total,81.0
5208400,Goianápolis - GO,2010,Total,85.1
5208509,Goiandira - GO,2010,Total,92.3
5208608,Goianésia - GO,2010,Total,90.9
5208707,Goiânia - GO,2010,Total,96.9
5208806,Goianira - GO,2010,Total,92.4
5208905,Goiás - GO,2010,Total,87.7
5209101,Goiatuba - GO,2010,Total,91.4
5209150,Gouvelândia - GO,2010,Total,83.6
5209200,Guapó - GO,2010,Total,90.1
5209291,Guaraíta - GO,2010,Total,90.1
5209408,Guarani de Goiás - GO,2010,Total,79.4
5209457,Guarinos - GO,2010,Total,87.2
5209606,Heitoraí - GO,2010,Total,88.0
5209705,Hidrolândia - GO,2010,Total,93.5
5209804,Hidrolina - GO,2010,Total,89.8
5209903,Iaciara - GO,2010,Total,82.4
5209937,Inaciolândia - GO,2010,Total,82.3
5209952,Indiara - GO,2010,Total,88.8
5210000,Inhumas - GO,2010,Total,90.7
5210109,Ipameri - GO,2010,Total,91.0
5210158,Ipiranga de Goiás - GO,2010,Total,88.6
5210208,Iporá - GO,2010,Total,89.0
5210307,Israelândia - GO,2010,Total,87.9
5210406,Itaberaí - GO,2010,Total,90.5
5210562,Itaguari - GO,2010,Total,86.2
5210604,Itaguaru - GO,2010,Total,87.0
5210802,Itajá - GO,2010,Total,90.0
5210901,Itapaci - GO,2010,Total,88.3
5211008,Itapirapuã - GO,2010,Total,85.0
5211206,Itapuranga - GO,2010,Total,87.0
5211305,Itarumã - GO,2010,Total,88.8
5211404,Itauçu - GO,2010,Total,88.9
5211503,Itumbiara - GO,2010,Total,92.7
5211602,Ivolândia - GO,2010,Total,87.0
5211701,Jandaia - GO,2010,Total,87.9
5211800,Jaraguá - GO,2010,Total,91.2
5211909,Jataí - GO,2010,Total,93.5
5212006,Jaupaci - GO,2010,Total,85.1
5212055,Jesúpolis - GO,2010,Total,85.9
5212105,Joviânia - GO,2010,Total,89.7
5212204,Jussara - GO,2010,Total,88.5
5212253,Lagoa Santa - GO,2010,Total,93.8
5212303,Leopoldo de Bulhões - GO,2010,Total,87.6
5212501,Luziânia - GO,2010,Total,92.8
5212600,Mairipotaba - GO,2010,Total,89.3
5212709,Mambaí - GO,2010,Total,82.0
5212808,Mara Rosa - GO,2010,Total,85.8
5212907,Marzagão - GO,2010,Total,90.5
5212956,Matrinchã - GO,2010,Total,84.3
5213004,Maurilândia - GO,2010,Total,86.5
5213053,Mimoso de Goiás - GO,2010,Total,83.1
5213087,Minaçu - GO,2010,Total,87.8
5213103,Mineiros - GO,2010,Total,93.0
5213400,Moiporá - GO,2010,Total,85.7
5213509,Monte Alegre de Goiás - GO,2010,Total,77.3
5213707,Montes Claros de Goiás - GO,2010,Total,89.3
5213756,Montividiu - GO,2010,Total,91.3
5213772,Montividiu do Norte - GO,2010,Total,84.7
5213806,Morrinhos - GO,2010,Total,92.6
5213855,Morro Agudo de Goiás - GO,2010,Total,87.8
5213905,Mossâmedes - GO,2010,Total,86.5
5214002,Mozarlândia - GO,2010,Total,88.1
5214051,Mundo Novo - GO,2010,Total,81.1
5214101,Mutunópolis - GO,2010,Total,84.0
5214408,Nazário - GO,2010,Total,88.3
5214507,Nerópolis - GO,2010,Total,92.2
5214606,Niquelândia - GO,2010,Total,88.8
5214705,Nova América - GO,2010,Total,85.2
5214804,Nova Aurora - GO,2010,Total,90.6
5214838,Nova Crixás - GO,2010,Total,82.6
5214861,Nova Glória - GO,2010,Total,85.9
5214879,Nova Iguaçu de Goiás - GO,2010,Total,90.5
5214903,Nova Roma - GO,2010,Total,82.1
5215009,Nova Veneza - GO,2010,Total,92.0
5215207,Novo Brasil - GO,2010,Total,87.8
5215231,Novo Gama - GO,2010,Total,93.7
5215256,Novo Planalto - GO,2010,Total,83.3
5215306,Orizona - GO,2010,Total,92.6
5215405,Ouro Verde de Goiás - GO,2010,Total,89.2
5215504,Ouvidor - GO,2010,Total,93.8
5215603,Padre Bernardo - GO,2010,Total,87.3
5215652,Palestina de Goiás - GO,2010,Total,91.4
5215702,Palmeiras de Goiás - GO,2010,Total,91.0
5215801,Palmelo - GO,2010,Total,90.3
5215900,Palminópolis - GO,2010,Total,88.0
5216007,Panamá - GO,2010,Total,85.6
5216304,Paranaiguara - GO,2010,Total,87.3
5216403,Paraúna - GO,2010,Total,89.3
5216452,Perolândia - GO,2010,Total,88.1
5216809,Petrolina de Goiás - GO,2010,Total,90.8
5216908,Pilar de Goiás - GO,2010,Total,88.7
5217104,Piracanjuba - GO,2010,Total,90.8
5217203,Piranhas - GO,2010,Total,86.7
5217302,Pirenópolis - GO,2010,Total,90.1
5217401,Pires do Rio - GO,2010,Total,93.0
5217609,Planaltina - GO,2010,Total,90.9
5217708,Pontalina - GO,2010,Total,87.0
5218003,Porangatu - GO,2010,Total,90.4
5218052,Porteirão - GO,2010,Total,88.5
5218102,Portelândia - GO,2010,Total,87.6
5218300,Posse - GO,2010,Total,86.3
5218391,Professor Jamil - GO,2010,Total,86.1
5218508,Quirinópolis - GO,2010,Total,90.9
5218607,Rialma - GO,2010,Total,92.5
5218706,Rianápolis - GO,2010,Total,86.1
5218789,Rio Quente - GO,2010,Total,95.5
5218805,Rio Verde - GO,2010,Total,94.0
5218904,Rubiataba - GO,2010,Total,91.0
5219001,Sanclerlândia - GO,2010,Total,88.4
5219100,Santa Bárbara de Goiás - GO,2010,Total,88.4
5219209,Santa Cruz de Goiás - GO,2010,Total,86.9
5219258,Santa Fé de Goiás - GO,2010,Total,88.3
5219308,Santa Helena de Goiás - GO,2010,Total,88.6
5219357,Santa Isabel - GO,2010,Total,87.1
5219407,Santa Rita do Araguaia - GO,2010,Total,90.9
5219456,Santa Rita do Novo Destino - GO,2010,Total,78.8
5219506,Santa Rosa de Goiás - GO,2010,Total,86.1
5219605,Santa Tereza de Goiás - GO,2010,Total,87.2
5219704,Santa Terezinha de Goiás - GO,2010,Total,86.9
5219712,Santo Antônio da Barra - GO,2010,Total,83.3
5219738,Santo Antônio de Goiás - GO,2010,Total,92.1
5219753,Santo Antônio do Descoberto - GO,2010,Total,91.8
5219803,São Domingos - GO,2010,Total,79.1
5219902,São Francisco de Goiás - GO,2010,Total,86.3
5220009,São João d'Aliança - GO,2010,Total,87.3
5220058,São João da Paraúna - GO,2010,Total,88.9
5220108,São Luís de Montes Belos - GO,2010,Total,91.1
5220157,São Luiz do Norte - GO,2010,Total,85.0
5220207,São Miguel do Araguaia - GO,2010,Total,88.9
5220264,São Miguel do Passa Quatro - GO,2010,Total,88.5
5220280,São Patrício - GO,2010,Total,89.1
5220405,São Simão - GO,2010,Total,89.4
5220454,Senador Canedo - GO,2010,Total,94.0
5220504,Serranópolis - GO,2010,Total,88.5
5220603,Silvânia - GO,2010,Total,92.3
5220686,Simolândia - GO,2010,Total,84.1
5220702,Sítio d'Abadia - GO,2010,Total,78.6
5221007,Taquaral de Goiás - GO,2010,Total,89.5
5221080,Teresina de Goiás - GO,2010,Total,85.6
5221197,Terezópolis de Goiás - GO,2010,Total,88.4
5221304,Três Ranchos - GO,2010,Total,94.1
5221403,Trindade - GO,2010,Total,92.4
5221452,Trombas - GO,2010,Total,84.0
5221502,Turvânia - GO,2010,Total,88.6
5221551,Turvelândia - GO,2010,Total,84.4
5221577,Uirapuru - GO,2010,Total,84.0
5221601,Uruaçu - GO,2010,Total,89.9
5221700,Uruana - GO,2010,Total,88.3
5221809,Urutaí - GO,2010,Total,92.1
5221858,Valparaíso de Goiás - GO,2010,Total,96.6
5221908,Varjão - GO,2010,Total,85.8
5222005,Vianópolis - GO,2010,Total,92.8
5222054,Vicentinópolis - GO,2010,Total,88.4
5222203,Vila Boa - GO,2010,Total,85.6
5222302,Vila Propício - GO,2010,Total,82.4
5300108,Brasília - DF,2010,Total,96.7
